Year,0,1,2,3,4,5,6,7,8,9,10,11,12,13,14,15,16,17,18,19,20,21,22,23,24,25,26,27,28,29,30,31,32,33,34,35,36,37,38,39,40,41,42,43,44,45,46,47,48,49,50,51,52,53,54,55,56,57,58,59,60,61,62,63,64,65,66,67,68,69,70,71,72,73,74,75,76,77,78,79,80,81,82,83,84,85,86,87,88,89,90,91,92,93,94,95,96,97,98,99,100,101,102,103,104,105,106,107,108,109,110,111,112,113,114,115,116,117,118,119
2023,0.005948,0.000517,0.000323,0.000251,0.000195,0.000161,0.000138,0.000126,0.000120,0.000121,0.000125,0.000141,0.000173,0.000234,0.000329,0.000466,0.000638,0.000825,0.001008,0.001148,0.001247,0.001328,0.001393,0.001456,0.001528,0.001614,0.001705,0.001803,0.001897,0.001992,0.002108,0.002226,0.002333,0.002432,0.002515,0.002602,0.002690,0.002789,0.002889,0.003010,0.003137,0.003275,0.003440,0.003620,0.003798,0.003952,0.004094,0.004266,0.004496,0.004814,0.005145,0.005514,0.005934,0.006421,0.006941,0.007510,0.008192,0.008957,0.009732,0.010513,0.011358,0.012253,0.013217,0.014247,0.015324,0.016447,0.017557,0.018714,0.019959,0.021344,0.022881,0.024592,0.026481,0.028625,0.031046,0.033775,0.036984,0.041129,0.045428,0.050312,0.055597,0.061719,0.068321,0.075382,0.083319,0.092625,0.103392,0.115422,0.128917,0.143693,0.159326,0.176406,0.195185,0.216061,0.238456,0.261706,0.285503,0.309844,0.330890,0.347350,0.364647,0.382823,0.401925,0.422001,0.443101,0.465256,0.488519,0.512945,0.538592,0.565522,0.593798,0.623488,0.654662,0.687395,0.721765,0.757853,0.795746,0.835533,0.877310,0.921175
2024,0.005699,0.000473,0.000273,0.000226,0.000185,0.000157,0.000139,0.000129,0.000126,0.000127,0.000132,0.000144,0.000169,0.000217,0.000298,0.000353,0.000487,0.000646,0.000816,0.000978,0.001121,0.001240,0.001335,0.001417,0.001497,0.001580,0.001663,0.001741,0.001809,0.001866,0.001914,0.001959,0.002009,0.002069,0.002138,0.002211,0.002285,0.002362,0.002440,0.002511,0.002572,0.002629,0.002698,0.002797,0.002934,0.003105,0.003303,0.003529,0.003792,0.004104,0.004471,0.004892,0.005370,0.005909,0.006505,0.007139,0.007802,0.008498,0.009233,0.010017,0.010860,0.011768,0.012714,0.013671,0.014624,0.016048,0.017008,0.017975,0.019024,0.020256,0.021759,0.023600,0.025808,0.028351,0.031141,0.034167,0.037481,0.041171,0.045300,0.049945,0.055171,0.061073,0.067766,0.075381,0.084051,0.090184,0.100684,0.112349,0.125206,0.139250,0.154517,0.171108,0.189210,0.208982,0.230456,0.253449,0.277248,0.300742,0.322839,0.343429,0.364386,0.385618,0.407024,0.428497,0.449922,0.472418,0.496039,0.520841,0.546883,0.574227,0.602938,0.633085,0.664739,0.697976,0.732875,0.769519,0.807995,0.848395,0.890814,0.935355
2025,0.005556,0.000435,0.000251,0.000207,0.000170,0.000144,0.000128,0.000119,0.000116,0.000117,0.000121,0.000133,0.000156,0.000201,0.000276,0.000355,0.000489,0.000649,0.000819,0.000982,0.001126,0.001246,0.001343,0.001426,0.001508,0.001593,0.001678,0.001759,0.001829,0.001887,0.001936,0.001981,0.002031,0.002092,0.002163,0.002236,0.002311,0.002388,0.002465,0.002535,0.002595,0.002649,0.002716,0.002812,0.002946,0.003115,0.003311,0.003534,0.003796,0.004107,0.004473,0.004895,0.005374,0.005915,0.006513,0.007149,0.007814,0.008513,0.009251,0.010038,0.010886,0.011798,0.012749,0.013710,0.014667,0.015623,0.016553,0.017485,0.018494,0.019681,0.021135,0.022920,0.025066,0.027541,0.030256,0.033197,0.036418,0.040004,0.044016,0.048528,0.053605,0.059340,0.065848,0.073269,0.081743,0.091358,0.102043,0.113895,0.126948,0.141200,0.156690,0.173526,0.191900,0.211980,0.233802,0.257184,0.281400,0.305307,0.327771,0.348684,0.369968,0.391530,0.413268,0.435073,0.456826,0.479667,0.503651,0.528833,0.555275,0.583039,0.612191,0.642800,0.674940,0.708687,0.744122,0.781328,0.820394,0.861414,0.904485,0.949709
2026,0.005469,0.000393,0.000227,0.000188,0.000154,0.000130,0.000116,0.000108,0.000105,0.000106,0.000110,0.000120,0.000142,0.000182,0.000251,0.000353,0.000486,0.000645,0.000814,0.000976,0.001120,0.001240,0.001336,0.001420,0.001502,0.001588,0.001675,0.001756,0.001827,0.001885,0.001934,0.001979,0.002030,0.002091,0.002161,0.002235,0.002309,0.002386,0.002462,0.002530,0.002588,0.002639,0.002703,0.002796,0.002927,0.003092,0.003285,0.003504,0.003761,0.004068,0.004431,0.004849,0.005324,0.005860,0.006454,0.007086,0.007746,0.008439,0.009172,0.009954,0.010796,0.011702,0.012648,0.013602,0.014553,0.015505,0.016426,0.017344,0.018335,0.019504,0.020938,0.022706,0.024833,0.027289,0.029983,0.032900,0.036093,0.039647,0.043624,0.048096,0.053126,0.058810,0.065266,0.072641,0.081089,0.090698,0.101355,0.113153,0.126135,0.140305,0.155704,0.172443,0.190714,0.210692,0.232413,0.255700,0.279830,0.303652,0.326023,0.346831,0.368009,0.389463,0.411090,0.432781,0.454421,0.477142,0.500999,0.526049,0.552351,0.579969,0.608967,0.639415,0.671386,0.704955,0.740203,0.777213,0.816074,0.856878,0.899722,0.944708
2027,0.005383,0.000387,0.000224,0.000185,0.000152,0.000129,0.000114,0.000107,0.000104,0.000104,0.000109,0.000119,0.000140,0.000181,0.000249,0.000350,0.000483,0.000640,0.000809,0.000970,0.001113,0.001232,0.001329,0.001413,0.001496,0.001582,0.001669,0.001751,0.001822,0.001881,0.001930,0.001975,0.002025,0.002086,0.002157,0.002230,0.002304,0.002380,0.002455,0.002522,0.002578,0.002627,0.002688,0.002778,0.002906,0.003068,0.003257,0.003472,0.003726,0.004030,0.004389,0.004803,0.005274,0.005806,0.006395,0.007021,0.007676,0.008364,0.009090,0.009866,0.010702,0.011601,0.012540,0.013487,0.014433,0.015381,0.016294,0.017199,0.018175,0.019327,0.020744,0.022494,0.024603,0.027040,0.029712,0.032605,0.035772,0.039294,0.043236,0.047669,0.052653,0.058286,0.064689,0.072020,0.080441,0.090046,0.100672,0.112416,0.125325,0.139410,0.154716,0.171354,0.189521,0.209389,0.231002,0.254182,0.278212,0.301937,0.324204,0.344905,0.365973,0.387313,0.408825,0.430398,0.451918,0.474514,0.498240,0.523152,0.549309,0.576775,0.605614,0.635894,0.667689,0.701074,0.736127,0.772934,0.811580,0.852159,0.894767,0.939506
2028,0.005298,0.000382,0.000221,0.000182,0.000150,0.000127,0.000113,0.000105,0.000102,0.000103,0.000107,0.000117,0.000139,0.000179,0.000247,0.000347,0.000479,0.000636,0.000804,0.000964,0.001106,0.001225,0.001321,0.001405,0.001488,0.001575,0.001662,0.001745,0.001816,0.001875,0.001924,0.001969,0.002018,0.002079,0.002149,0.002223,0.002296,0.002372,0.002445,0.002511,0.002565,0.002612,0.002671,0.002759,0.002884,0.003044,0.003229,0.003441,0.003691,0.003992,0.004348,0.004758,0.005224,0.005751,0.006335,0.006956,0.007605,0.008287,0.009007,0.009776,0.010604,0.011496,0.012427,0.013367,0.014308,0.015253,0.016159,0.017052,0.018014,0.019151,0.020552,0.022284,0.024376,0.026793,0.029444,0.032314,0.035453,0.038945,0.042853,0.047246,0.052186,0.057768,0.064120,0.071405,0.079801,0.089400,0.099997,0.111684,0.124518,0.138517,0.153728,0.170265,0.188323,0.208079,0.229576,0.252642,0.276560,0.300177,0.322335,0.342925,0.363878,0.385102,0.406494,0.427947,0.449345,0.471812,0.495402,0.520173,0.546181,0.573490,0.602165,0.632273,0.663887,0.697081,0.731935,0.768532,0.806958,0.847306,0.889672,0.934155
2029,0.005213,0.000377,0.000217,0.000180,0.000148,0.000125,0.000111,0.000104,0.000101,0.000102,0.000106,0.000116,0.000137,0.000177,0.000244,0.000345,0.000476,0.000632,0.000798,0.000958,0.001099,0.001217,0.001313,0.001397,0.001480,0.001567,0.001655,0.001737,0.001808,0.001868,0.001917,0.001960,0.002010,0.002071,0.002140,0.002213,0.002286,0.002361,0.002434,0.002498,0.002551,0.002596,0.002653,0.002739,0.002862,0.003018,0.003201,0.003410,0.003657,0.003954,0.004307,0.004713,0.005175,0.005697,0.006275,0.006891,0.007534,0.008209,0.008923,0.009684,0.010505,0.011389,0.012311,0.013244,0.014179,0.015122,0.016021,0.016905,0.017854,0.018977,0.020362,0.022078,0.024151,0.026550,0.029179,0.032025,0.035138,0.038601,0.042474,0.046829,0.051724,0.057257,0.063558,0.070798,0.079167,0.088762,0.099329,0.110958,0.123716,0.137628,0.152743,0.169176,0.187125,0.206765,0.228142,0.251086,0.274885,0.298387,0.320430,0.340906,0.361742,0.382847,0.404118,0.425447,0.446720,0.469056,0.492509,0.517134,0.542991,0.570140,0.598647,0.628580,0.660009,0.693009,0.727660,0.764043,0.802245,0.842357,0.884475,0.928698
2030,0.005130,0.000371,0.000214,0.000177,0.000146,0.000124,0.000110,0.000102,0.000100,0.000100,0.000105,0.000114,0.000135,0.000175,0.000242,0.000342,0.000473,0.000627,0.000793,0.000951,0.001091,0.001209,0.001305,0.001388,0.001471,0.001558,0.001646,0.001728,0.001799,0.001859,0.001907,0.001951,0.002000,0.002060,0.002130,0.002202,0.002275,0.002348,0.002420,0.002484,0.002535,0.002579,0.002634,0.002718,0.002838,0.002993,0.003173,0.003379,0.003622,0.003917,0.004266,0.004669,0.005126,0.005643,0.006216,0.006826,0.007462,0.008131,0.008837,0.009591,0.010404,0.011279,0.012192,0.013118,0.014048,0.014988,0.015882,0.016757,0.017694,0.018804,0.020175,0.021874,0.023930,0.026309,0.028917,0.031740,0.034826,0.038260,0.042100,0.046417,0.051269,0.056753,0.063002,0.070198,0.078541,0.088131,0.098667,0.110238,0.122920,0.136744,0.151762,0.168091,0.185929,0.205452,0.226705,0.249522,0.273196,0.296575,0.318500,0.338860,0.359579,0.380562,0.401710,0.422915,0.444060,0.466263,0.489576,0.514055,0.539758,0.566746,0.595083,0.624837,0.656079,0.688883,0.723327,0.759494,0.797468,0.837342,0.879209,0.923169
2031,0.005047,0.000366,0.000212,0.000175,0.000144,0.000122,0.000108,0.000101,0.000098,0.000099,0.000103,0.000113,0.000133,0.000173,0.000240,0.000339,0.000469,0.000623,0.000787,0.000944,0.001084,0.001201,0.001296,0.001379,0.001462,0.001549,0.001636,0.001718,0.001790,0.001849,0.001897,0.001940,0.001989,0.002049,0.002118,0.002190,0.002262,0.002335,0.002406,0.002468,0.002518,0.002560,0.002614,0.002696,0.002815,0.002967,0.003144,0.003347,0.003588,0.003880,0.004226,0.004625,0.005078,0.005589,0.006157,0.006760,0.007391,0.008052,0.008751,0.009498,0.010301,0.011168,0.012072,0.012990,0.013916,0.014854,0.015743,0.016609,0.017536,0.018632,0.019989,0.021673,0.023711,0.026071,0.028658,0.031458,0.034519,0.037923,0.041731,0.046010,0.050819,0.056255,0.062454,0.069605,0.077923,0.087508,0.098012,0.109525,0.122130,0.135865,0.150786,0.167012,0.184738,0.204141,0.225268,0.247955,0.271498,0.294752,0.316555,0.336799,0.357397,0.378259,0.399283,0.420361,0.441379,0.463448,0.486620,0.510951,0.536499,0.563324,0.591490,0.621064,0.652117,0.684723,0.718959,0.754907,0.792653,0.832285,0.873900,0.917595
2032,0.004965,0.000361,0.000209,0.000173,0.000142,0.000120,0.000107,0.000100,0.000097,0.000098,0.000102,0.000111,0.000132,0.000171,0.000237,0.000337,0.000466,0.000618,0.000782,0.000938,0.001076,0.001193,0.001288,0.001370,0.001453,0.001539,0.001626,0.001708,0.001779,0.001838,0.001886,0.001929,0.001977,0.002037,0.002105,0.002176,0.002248,0.002320,0.002390,0.002451,0.002500,0.002541,0.002594,0.002674,0.002791,0.002941,0.003116,0.003316,0.003554,0.003843,0.004186,0.004581,0.005030,0.005536,0.006098,0.006695,0.007319,0.007974,0.008665,0.009404,0.010199,0.011056,0.011951,0.012861,0.013782,0.014719,0.015603,0.016462,0.017378,0.018463,0.019806,0.021475,0.023495,0.025836,0.028402,0.031179,0.034215,0.037591,0.041366,0.045608,0.050375,0.055763,0.061912,0.069020,0.077312,0.086891,0.097365,0.108818,0.121346,0.134993,0.149817,0.165939,0.183553,0.202836,0.223836,0.246389,0.269799,0.292922,0.314602,0.334728,0.355207,0.375946,0.396844,0.417796,0.438686,0.460620,0.483651,0.507833,0.533225,0.559886,0.587881,0.617275,0.648138,0.680545,0.714573,0.750301,0.787816,0.827207,0.868568,0.911996
2033,0.004885,0.000356,0.000206,0.000170,0.000140,0.000119,0.000105,0.000098,0.000096,0.000096,0.000100,0.000110,0.000130,0.000169,0.000235,0.000334,0.000462,0.000614,0.000776,0.000931,0.001069,0.001185,0.001279,0.001361,0.001443,0.001529,0.001616,0.001697,0.001768,0.001827,0.001875,0.001917,0.001965,0.002024,0.002092,0.002162,0.002233,0.002304,0.002374,0.002434,0.002482,0.002522,0.002573,0.002652,0.002767,0.002915,0.003087,0.003285,0.003521,0.003806,0.004147,0.004538,0.004982,0.005483,0.006039,0.006630,0.007248,0.007895,0.008579,0.009310,0.010096,0.010944,0.011830,0.012732,0.013648,0.014584,0.015464,0.016315,0.017222,0.018295,0.019626,0.021279,0.023282,0.025603,0.028149,0.030904,0.033915,0.037263,0.041006,0.045212,0.049937,0.055278,0.061378,0.068442,0.076708,0.086282,0.096724,0.108119,0.120570,0.134127,0.148856,0.164873,0.182376,0.201539,0.222409,0.244827,0.268101,0.291093,0.312647,0.332656,0.353014,0.373630,0.394403,0.415228,0.435989,0.457788,0.480678,0.504712,0.529947,0.556445,0.584267,0.613480,0.644154,0.676362,0.710180,0.745689,0.782974,0.822122,0.863228,0.906390
2034,0.004805,0.000351,0.000203,0.000168,0.000138,0.000117,0.000104,0.000097,0.000094,0.000095,0.000099,0.000108,0.000128,0.000167,0.000233,0.000331,0.000459,0.000610,0.000771,0.000924,0.001061,0.001176,0.001270,0.001351,0.001433,0.001519,0.001605,0.001686,0.001757,0.001815,0.001862,0.001904,0.001952,0.002010,0.002078,0.002148,0.002218,0.002288,0.002357,0.002416,0.002463,0.002502,0.002552,0.002629,0.002743,0.002888,0.003059,0.003254,0.003487,0.003770,0.004108,0.004495,0.004935,0.005431,0.005981,0.006566,0.007177,0.007817,0.008494,0.009216,0.009994,0.010832,0.011709,0.012603,0.013515,0.014449,0.015326,0.016170,0.017067,0.018130,0.019447,0.021086,0.023072,0.025374,0.027900,0.030632,0.033618,0.036939,0.040651,0.044821,0.049505,0.054800,0.060851,0.067872,0.076112,0.085679,0.096090,0.107426,0.119800,0.133270,0.147902,0.163816,0.181207,0.200250,0.220991,0.243273,0.266408,0.289267,0.310696,0.330587,0.350824,0.371317,0.391965,0.412662,0.433295,0.454960,0.477708,0.501593,0.526673,0.553007,0.580657,0.609690,0.640174,0.672183,0.705792,0.741082,0.778136,0.817043,0.857895,0.900790
2035,0.004727,0.000346,0.000200,0.000166,0.000136,0.000115,0.000103,0.000096,0.000093,0.000094,0.000098,0.000107,0.000127,0.000165,0.000230,0.000328,0.000455,0.000605,0.000765,0.000918,0.001054,0.001168,0.001261,0.001342,0.001423,0.001509,0.001594,0.001675,0.001745,0.001803,0.001850,0.001891,0.001938,0.001996,0.002063,0.002133,0.002202,0.002272,0.002339,0.002398,0.002444,0.002482,0.002530,0.002607,0.002718,0.002862,0.003030,0.003223,0.003454,0.003734,0.004069,0.004453,0.004888,0.005379,0.005923,0.006502,0.007106,0.007740,0.008409,0.009123,0.009892,0.010720,0.011588,0.012474,0.013381,0.014315,0.015188,0.016025,0.016914,0.017966,0.019271,0.020895,0.022865,0.025148,0.027653,0.030364,0.033326,0.036619,0.040300,0.044435,0.049079,0.054328,0.060331,0.067309,0.075524,0.085084,0.095463,0.106741,0.119038,0.132420,0.146956,0.162768,0.180048,0.198970,0.219582,0.241727,0.264724,0.287447,0.308751,0.328524,0.348641,0.369010,0.389534,0.410104,0.430609,0.452140,0.474747,0.498484,0.523409,0.549579,0.577058,0.605911,0.636206,0.668017,0.701417,0.736488,0.773313,0.811978,0.852577,0.895206
2036,0.004650,0.000341,0.000198,0.000164,0.000134,0.000114,0.000101,0.000094,0.000092,0.000092,0.000096,0.000105,0.000125,0.000163,0.000228,0.000326,0.000452,0.000601,0.000759,0.000911,0.001046,0.001159,0.001252,0.001332,0.001413,0.001498,0.001583,0.001663,0.001733,0.001790,0.001837,0.001878,0.001925,0.001982,0.002048,0.002117,0.002186,0.002255,0.002322,0.002379,0.002424,0.002461,0.002509,0.002584,0.002694,0.002836,0.003002,0.003193,0.003421,0.003699,0.004031,0.004411,0.004842,0.005328,0.005866,0.006439,0.007036,0.007663,0.008324,0.009030,0.009790,0.010609,0.011467,0.012345,0.013248,0.014182,0.015051,0.015882,0.016763,0.017804,0.019097,0.020707,0.022660,0.024925,0.027410,0.030099,0.033037,0.036303,0.039954,0.044054,0.048658,0.053863,0.059818,0.066754,0.074943,0.084496,0.094843,0.106062,0.118283,0.131578,0.146020,0.161729,0.178899,0.197702,0.218184,0.240192,0.263049,0.285638,0.306815,0.326470,0.346467,0.366714,0.387113,0.407558,0.427936,0.449332,0.471799,0.495389,0.520158,0.546166,0.573475,0.602148,0.632256,0.663869,0.697062,0.731915,0.768511,0.806936,0.847283,0.889647
2037,0.004574,0.000336,0.000195,0.000161,0.000133,0.000112,0.000100,0.000093,0.000090,0.000091,0.000095,0.000104,0.000123,0.000161,0.000226,0.000323,0.000448,0.000596,0.000754,0.000905,0.001038,0.001151,0.001243,0.001323,0.001403,0.001487,0.001572,0.001652,0.001721,0.001778,0.001824,0.001865,0.001911,0.001968,0.002033,0.002101,0.002169,0.002238,0.002304,0.002360,0.002404,0.002441,0.002488,0.002561,0.002670,0.002810,0.002974,0.003163,0.003389,0.003664,0.003993,0.004370,0.004796,0.005277,0.005809,0.006376,0.006967,0.007587,0.008241,0.008938,0.009689,0.010499,0.011347,0.012218,0.013117,0.014049,0.014916,0.015741,0.016613,0.017645,0.018926,0.020522,0.022459,0.024705,0.027170,0.029837,0.032752,0.035992,0.039613,0.043679,0.048243,0.053403,0.059312,0.066206,0.074369,0.083915,0.094229,0.105391,0.117536,0.130745,0.145092,0.160700,0.177761,0.196444,0.216797,0.238668,0.261386,0.283839,0.304890,0.324429,0.344306,0.364432,0.384706,0.405026,0.425277,0.446541,0.468868,0.492311,0.516927,0.542773,0.569912,0.598407,0.628328,0.659744,0.692731,0.727368,0.763736,0.801923,0.842019,0.884120
2038,0.004499,0.000332,0.000192,0.000159,0.000131,0.000111,0.000099,0.000092,0.000089,0.000090,0.000094,0.000102,0.000122,0.000159,0.000223,0.000320,0.000445,0.000592,0.000748,0.000898,0.001031,0.001143,0.001234,0.001313,0.001393,0.001477,0.001561,0.001640,0.001708,0.001765,0.001811,0.001851,0.001897,0.001953,0.002018,0.002086,0.002153,0.002221,0.002286,0.002341,0.002385,0.002420,0.002466,0.002539,0.002646,0.002784,0.002946,0.003133,0.003356,0.003629,0.003956,0.004329,0.004751,0.005226,0.005753,0.006314,0.006898,0.007511,0.008157,0.008847,0.009589,0.010389,0.011228,0.012091,0.012986,0.013918,0.014782,0.015601,0.016465,0.017487,0.018757,0.020339,0.022260,0.024488,0.026933,0.029579,0.032471,0.035685,0.039276,0.043308,0.047834,0.052950,0.058813,0.065666,0.073803,0.083340,0.093623,0.104727,0.116797,0.129919,0.144173,0.159681,0.176633,0.195198,0.215423,0.237157,0.259736,0.282054,0.302979,0.322402,0.342160,0.362164,0.382315,0.402510,0.422635,0.443767,0.465955,0.489253,0.513716,0.539402,0.566372,0.594690,0.624425,0.655646,0.688428,0.722850,0.758992,0.796942,0.836789,0.878629
2039,0.004426,0.000327,0.000190,0.000157,0.000129,0.000109,0.000097,0.000091,0.000088,0.000088,0.000092,0.000101,0.000120,0.000157,0.000221,0.000317,0.000441,0.000587,0.000743,0.000891,0.001023,0.001134,0.001225,0.001304,0.001383,0.001466,0.001550,0.001628,0.001696,0.001752,0.001798,0.001838,0.001883,0.001938,0.002003,0.002070,0.002136,0.002203,0.002268,0.002323,0.002365,0.002400,0.002445,0.002516,0.002622,0.002759,0.002919,0.003103,0.003324,0.003595,0.003919,0.004289,0.004706,0.005177,0.005698,0.006252,0.006830,0.007436,0.008075,0.008757,0.009490,0.010281,0.011110,0.011966,0.012856,0.013788,0.014649,0.015463,0.016319,0.017331,0.018590,0.020158,0.022063,0.024273,0.026699,0.029325,0.032194,0.035382,0.038944,0.042943,0.047430,0.052504,0.058321,0.065132,0.073243,0.082772,0.093023,0.104069,0.116065,0.129103,0.143264,0.158672,0.175516,0.193963,0.214061,0.235659,0.258099,0.280282,0.301082,0.320389,0.340029,0.359913,0.379942,0.400013,0.420013,0.441014,0.463064,0.486218,0.510529,0.536055,0.562858,0.591001,0.620551,0.651578,0.684157,0.718365,0.754283,0.791997,0.831597,0.873177
2040,0.004354,0.000323,0.000187,0.000155,0.000127,0.000108,0.000096,0.000089,0.000087,0.000087,0.000091,0.000100,0.000118,0.000155,0.000219,0.000315,0.000438,0.000583,0.000737,0.000885,0.001016,0.001126,0.001216,0.001294,0.001373,0.001455,0.001538,0.001616,0.001684,0.001740,0.001785,0.001824,0.001869,0.001924,0.001988,0.002054,0.002120,0.002186,0.002249,0.002304,0.002345,0.002380,0.002424,0.002494,0.002598,0.002733,0.002892,0.003074,0.003293,0.003561,0.003883,0.004249,0.004662,0.005127,0.005643,0.006191,0.006763,0.007362,0.007994,0.008667,0.009392,0.010173,0.010994,0.011842,0.012728,0.013660,0.014518,0.015326,0.016175,0.017178,0.018425,0.019980,0.021870,0.024062,0.026469,0.029074,0.031920,0.035083,0.038616,0.042582,0.047032,0.052063,0.057835,0.064606,0.072691,0.082211,0.092430,0.103419,0.115341,0.128294,0.142364,0.157673,0.174410,0.192741,0.212712,0.234175,0.256476,0.278525,0.299201,0.318393,0.337916,0.357680,0.377587,0.397535,0.417412,0.438282,0.460196,0.483206,0.507366,0.532735,0.559371,0.587340,0.616707,0.647542,0.679920,0.713916,0.749611,0.787092,0.826446,0.867769
2041,0.004282,0.000318,0.000185,0.000153,0.000126,0.000106,0.000095,0.000088,0.000086,0.000086,0.000090,0.000098,0.000117,0.000153,0.000217,0.000312,0.000435,0.000579,0.000732,0.000878,0.001008,0.001118,0.001207,0.001285,0.001363,0.001445,0.001527,0.001605,0.001671,0.001727,0.001772,0.001810,0.001855,0.001909,0.001972,0.002038,0.002103,0.002169,0.002231,0.002285,0.002326,0.002359,0.002403,0.002472,0.002575,0.002708,0.002865,0.003045,0.003261,0.003527,0.003846,0.004209,0.004618,0.005079,0.005589,0.006131,0.006696,0.007288,0.007913,0.008578,0.009294,0.010067,0.010878,0.011718,0.012601,0.013533,0.014389,0.015191,0.016032,0.017026,0.018263,0.019805,0.021678,0.023853,0.026241,0.028826,0.031650,0.034788,0.038293,0.042226,0.046639,0.051628,0.057356,0.064087,0.072146,0.081657,0.091843,0.102775,0.114624,0.127494,0.141473,0.156685,0.173316,0.191531,0.211376,0.232704,0.254869,0.276784,0.297336,0.316414,0.335820,0.355465,0.375252,0.395078,0.414832,0.435573,0.457352,0.480220,0.504231,0.529442,0.555914,0.583710,0.612896,0.643540,0.675717,0.709503,0.744978,0.782227,0.821339,0.862406
2042,0.004212,0.000314,0.000182,0.000151,0.000124,0.000105,0.000093,0.000087,0.000084,0.000085,0.000088,0.000097,0.000115,0.000151,0.000214,0.000309,0.000431,0.000574,0.000726,0.000872,0.001001,0.001110,0.001198,0.001276,0.001353,0.001434,0.001516,0.001593,0.001659,0.001714,0.001758,0.001797,0.001840,0.001894,0.001957,0.002022,0.002087,0.002151,0.002213,0.002266,0.002306,0.002339,0.002382,0.002450,0.002552,0.002683,0.002838,0.003016,0.003230,0.003494,0.003811,0.004170,0.004575,0.005031,0.005535,0.006071,0.006630,0.007216,0.007833,0.008491,0.009198,0.009961,0.010764,0.011597,0.012476,0.013407,0.014260,0.015058,0.015892,0.016877,0.018102,0.019631,0.021490,0.023647,0.026017,0.028581,0.031383,0.034496,0.037974,0.041875,0.046252,0.051200,0.056884,0.063575,0.071608,0.081109,0.091263,0.102139,0.113915,0.126702,0.140592,0.155707,0.172233,0.190333,0.210053,0.231248,0.253276,0.275059,0.295488,0.314453,0.333743,0.353270,0.372938,0.392642,0.412275,0.432888,0.454533,0.477259,0.501122,0.526178,0.552487,0.580112,0.609117,0.639573,0.671552,0.705129,0.740386,0.777405,0.816275,0.857089
2043,0.004144,0.000309,0.000180,0.000149,0.000122,0.000104,0.000092,0.000086,0.000083,0.000084,0.000087,0.000095,0.000114,0.000149,0.000212,0.000307,0.000428,0.000570,0.000721,0.000865,0.000994,0.001102,0.001189,0.001266,0.001343,0.001424,0.001505,0.001581,0.001647,0.001701,0.001745,0.001783,0.001826,0.001880,0.001942,0.002006,0.002070,0.002134,0.002195,0.002247,0.002287,0.002319,0.002361,0.002428,0.002528,0.002659,0.002811,0.002987,0.003200,0.003461,0.003775,0.004132,0.004532,0.004983,0.005482,0.006012,0.006565,0.007144,0.007754,0.008404,0.009103,0.009857,0.010650,0.011476,0.012351,0.013283,0.014134,0.014926,0.015753,0.016729,0.017944,0.019461,0.021304,0.023444,0.025795,0.028340,0.031121,0.034209,0.037659,0.041529,0.045869,0.050777,0.056418,0.063069,0.071077,0.080567,0.090689,0.101509,0.113213,0.125919,0.139720,0.154739,0.171161,0.189147,0.208744,0.229807,0.251699,0.273350,0.293657,0.312510,0.331685,0.351095,0.370644,0.390229,0.409740,0.430227,0.451739,0.474326,0.498042,0.522944,0.549091,0.576546,0.605373,0.635642,0.667424,0.700795,0.735835,0.772627,0.811258,0.851821
2044,0.004076,0.000305,0.000177,0.000147,0.000121,0.000102,0.000091,0.000085,0.000082,0.000082,0.000086,0.000094,0.000112,0.000148,0.000210,0.000304,0.000425,0.000566,0.000716,0.000859,0.000986,0.001094,0.001181,0.001257,0.001333,0.001413,0.001494,0.001569,0.001635,0.001688,0.001732,0.001770,0.001812,0.001865,0.001927,0.001991,0.002054,0.002117,0.002177,0.002228,0.002267,0.002299,0.002340,0.002406,0.002505,0.002634,0.002785,0.002959,0.003169,0.003429,0.003741,0.004094,0.004490,0.004936,0.005429,0.005954,0.006501,0.007073,0.007676,0.008318,0.009009,0.009754,0.010539,0.011357,0.012229,0.013160,0.014009,0.014796,0.015616,0.016584,0.017788,0.019292,0.021120,0.023244,0.025576,0.028102,0.030861,0.033926,0.037348,0.041187,0.045492,0.050360,0.055958,0.062571,0.070553,0.080032,0.090121,0.100886,0.112519,0.125144,0.138857,0.153781,0.170100,0.187974,0.207448,0.228380,0.250138,0.271658,0.291844,0.310585,0.329646,0.348941,0.368372,0.387838,0.407230,0.427591,0.448971,0.471419,0.494990,0.519740,0.545727,0.573013,0.601664,0.631747,0.663334,0.696501,0.731326,0.767892,0.806287,0.846601
2045,0.004009,0.000301,0.000175,0.000145,0.000119,0.000101,0.000090,0.000083,0.000081,0.000081,0.000085,0.000093,0.000111,0.000146,0.000208,0.000302,0.000421,0.000561,0.000710,0.000853,0.000979,0.001086,0.001172,0.001248,0.001323,0.001403,0.001483,0.001558,0.001622,0.001676,0.001719,0.001756,0.001798,0.001851,0.001912,0.001975,0.002037,0.002100,0.002159,0.002210,0.002248,0.002279,0.002319,0.002385,0.002483,0.002610,0.002759,0.002931,0.003139,0.003396,0.003706,0.004056,0.004448,0.004889,0.005378,0.005897,0.006437,0.007003,0.007599,0.008234,0.008916,0.009652,0.010428,0.011239,0.012107,0.013039,0.013886,0.014667,0.015481,0.016440,0.017634,0.019125,0.020939,0.023046,0.025361,0.027867,0.030605,0.033646,0.037042,0.040850,0.045120,0.049948,0.055505,0.062079,0.070035,0.079503,0.089559,0.100270,0.111833,0.124377,0.138003,0.152833,0.169051,0.186814,0.206166,0.226968,0.248592,0.269982,0.290048,0.308679,0.327627,0.346806,0.366121,0.385469,0.404743,0.424980,0.446229,0.468540,0.491967,0.516566,0.542394,0.569514,0.597989,0.627889,0.659283,0.692248,0.726860,0.763203,0.801363,0.841431
2046,0.003944,0.000297,0.000173,0.000143,0.000117,0.000099,0.000088,0.000082,0.000080,0.000080,0.000083,0.000091,0.000109,0.000144,0.000206,0.000299,0.000418,0.000557,0.000705,0.000846,0.000972,0.001078,0.001163,0.001238,0.001313,0.001392,0.001472,0.001546,0.001610,0.001663,0.001706,0.001743,0.001785,0.001836,0.001897,0.001959,0.002021,0.002083,0.002142,0.002192,0.002229,0.002259,0.002299,0.002363,0.002460,0.002586,0.002733,0.002904,0.003110,0.003365,0.003672,0.004019,0.004407,0.004843,0.005326,0.005840,0.006374,0.006934,0.007523,0.008150,0.008824,0.009551,0.010318,0.011123,0.011987,0.012919,0.013764,0.014541,0.015347,0.016298,0.017482,0.018961,0.020761,0.022851,0.025148,0.027635,0.030352,0.033370,0.036739,0.040518,0.044753,0.049542,0.055057,0.061593,0.069524,0.078980,0.089004,0.099660,0.111153,0.123619,0.137158,0.151896,0.168013,0.185665,0.204897,0.225570,0.247062,0.268324,0.288270,0.306791,0.325628,0.344693,0.363892,0.383124,0.402280,0.422394,0.443514,0.465689,0.488974,0.513422,0.539094,0.566048,0.594351,0.624068,0.655272,0.688035,0.722437,0.758559,0.796487,0.836311
2047,0.003879,0.000293,0.000170,0.000141,0.000116,0.000098,0.000087,0.000081,0.000079,0.000079,0.000082,0.000090,0.000108,0.000142,0.000204,0.000297,0.000415,0.000553,0.000700,0.000840,0.000965,0.001070,0.001155,0.001229,0.001304,0.001382,0.001461,0.001534,0.001598,0.001651,0.001693,0.001730,0.001771,0.001822,0.001882,0.001944,0.002005,0.002066,0.002124,0.002173,0.002210,0.002240,0.002279,0.002342,0.002438,0.002562,0.002707,0.002876,0.003080,0.003333,0.003638,0.003982,0.004366,0.004798,0.005276,0.005783,0.006312,0.006865,0.007447,0.008067,0.008733,0.009452,0.010210,0.011008,0.011869,0.012801,0.013643,0.014416,0.015216,0.016158,0.017332,0.018799,0.020584,0.022658,0.024938,0.027406,0.030103,0.033098,0.036441,0.040190,0.044391,0.049142,0.054616,0.061114,0.069019,0.078463,0.088455,0.099057,0.110481,0.122868,0.136322,0.150968,0.166985,0.184529,0.203642,0.224187,0.245548,0.266682,0.286510,0.304922,0.323648,0.342600,0.361685,0.380801,0.399841,0.419833,0.440825,0.462866,0.486009,0.510310,0.535825,0.562616,0.590747,0.620285,0.651299,0.683864,0.718057,0.753960,0.791658,0.831241
2048,0.003816,0.000289,0.000168,0.000139,0.000114,0.000097,0.000086,0.000080,0.000078,0.000078,0.000081,0.000089,0.000106,0.000141,0.000201,0.000294,0.000412,0.000549,0.000695,0.000834,0.000958,0.001062,0.001146,0.001220,0.001294,0.001372,0.001450,0.001523,0.001586,0.001638,0.001680,0.001716,0.001757,0.001808,0.001867,0.001928,0.001989,0.002049,0.002107,0.002155,0.002192,0.002221,0.002259,0.002321,0.002416,0.002538,0.002682,0.002849,0.003051,0.003302,0.003605,0.003945,0.004326,0.004753,0.005226,0.005728,0.006251,0.006797,0.007373,0.007985,0.008643,0.009353,0.010104,0.010894,0.011752,0.012684,0.013525,0.014292,0.015086,0.016020,0.017185,0.018640,0.020410,0.022468,0.024730,0.027180,0.029857,0.032829,0.036147,0.039866,0.044034,0.048747,0.054181,0.060642,0.068521,0.077952,0.087912,0.098460,0.109816,0.122126,0.135495,0.150050,0.165969,0.183404,0.202400,0.222818,0.244049,0.265056,0.284768,0.303072,0.321688,0.340528,0.359499,0.378501,0.397426,0.417297,0.438162,0.460070,0.483074,0.507228,0.532589,0.559218,0.587179,0.616538,0.647365,0.679733,0.713720,0.749406,0.786876,0.826220
2049,0.003754,0.000285,0.000166,0.000137,0.000113,0.000096,0.000085,0.000079,0.000077,0.000077,0.000080,0.000088,0.000105,0.000139,0.000199,0.000291,0.000408,0.000545,0.000689,0.000828,0.000951,0.001054,0.001138,0.001211,0.001285,0.001362,0.001439,0.001512,0.001574,0.001626,0.001667,0.001703,0.001744,0.001794,0.001852,0.001913,0.001973,0.002033,0.002089,0.002137,0.002173,0.002201,0.002239,0.002301,0.002394,0.002515,0.002657,0.002822,0.003022,0.003271,0.003572,0.003909,0.004286,0.004708,0.005176,0.005673,0.006190,0.006730,0.007299,0.007904,0.008555,0.009256,0.009998,0.010782,0.011636,0.012569,0.013407,0.014170,0.014957,0.015884,0.017039,0.018482,0.020239,0.022281,0.024526,0.026958,0.029614,0.032564,0.035856,0.039546,0.043682,0.048357,0.053751,0.060176,0.068029,0.077447,0.087374,0.097869,0.109157,0.121391,0.134677,0.149142,0.164963,0.182291,0.201170,0.221463,0.242564,0.263446,0.283041,0.301239,0.319745,0.338474,0.357333,0.376221,0.395032,0.414784,0.435523,0.457299,0.480164,0.504173,0.529381,0.555850,0.583643,0.612825,0.643466,0.675640,0.709422,0.744893,0.782137,0.821244
2050,0.003692,0.000281,0.000164,0.000135,0.000111,0.000094,0.000084,0.000078,0.000076,0.000076,0.000079,0.000086,0.000103,0.000137,0.000197,0.000289,0.000405,0.000541,0.000684,0.000822,0.000944,0.001046,0.001129,0.001202,0.001275,0.001351,0.001428,0.001500,0.001562,0.001614,0.001655,0.001690,0.001730,0.001780,0.001838,0.001898,0.001957,0.002016,0.002072,0.002119,0.002154,0.002182,0.002219,0.002280,0.002372,0.002492,0.002632,0.002796,0.002994,0.003240,0.003539,0.003873,0.004246,0.004664,0.005127,0.005618,0.006130,0.006664,0.007226,0.007824,0.008467,0.009160,0.009893,0.010671,0.011522,0.012455,0.013291,0.014050,0.014831,0.015749,0.016895,0.018326,0.020069,0.022096,0.024324,0.026738,0.029375,0.032302,0.035569,0.039231,0.043334,0.047973,0.053328,0.059715,0.067543,0.076948,0.086843,0.097285,0.108506,0.120664,0.133868,0.148244,0.163968,0.181190,0.199953,0.220122,0.241096,0.261853,0.281333,0.299424,0.317823,0.336442,0.355189,0.373965,0.392663,0.412297,0.432911,0.454557,0.477285,0.501149,0.526206,0.552517,0.580143,0.609150,0.639607,0.671588,0.705167,0.740425,0.777447,0.816319
2051,0.003632,0.000277,0.000162,0.000134,0.000110,0.000093,0.000083,0.000077,0.000075,0.000075,0.000078,0.000085,0.000102,0.000136,0.000195,0.000287,0.000402,0.000537,0.000679,0.000816,0.000937,0.001038,0.001121,0.001193,0.001266,0.001341,0.001418,0.001489,0.001551,0.001601,0.001642,0.001677,0.001717,0.001766,0.001823,0.001883,0.001941,0.002000,0.002055,0.002101,0.002136,0.002163,0.002200,0.002260,0.002351,0.002469,0.002608,0.002769,0.002966,0.003210,0.003507,0.003838,0.004207,0.004621,0.005079,0.005565,0.006070,0.006599,0.007154,0.007746,0.008380,0.009065,0.009790,0.010561,0.011409,0.012343,0.013177,0.013931,0.014706,0.015617,0.016752,0.018173,0.019902,0.021913,0.024125,0.026521,0.029138,0.032044,0.035287,0.038920,0.042991,0.047594,0.052910,0.059261,0.067063,0.076455,0.086317,0.096707,0.107862,0.119944,0.133067,0.147355,0.162984,0.180101,0.198749,0.218795,0.239643,0.260276,0.279642,0.297629,0.315920,0.334430,0.353067,0.371732,0.390319,0.409834,0.430326,0.451842,0.474435,0.498156,0.523064,0.549217,0.576678,0.605512,0.635788,0.667577,0.700956,0.736004,0.772804,0.811444
2052,0.003573,0.000273,0.000160,0.000132,0.000108,0.000092,0.000082,0.000076,0.000073,0.000074,0.000077,0.000084,0.000100,0.000134,0.000193,0.000284,0.000399,0.000533,0.000674,0.000810,0.000930,0.001031,0.001113,0.001185,0.001256,0.001331,0.001407,0.001478,0.001539,0.001589,0.001630,0.001664,0.001703,0.001752,0.001809,0.001868,0.001926,0.001983,0.002038,0.002084,0.002118,0.002145,0.002180,0.002240,0.002329,0.002446,0.002584,0.002743,0.002938,0.003180,0.003475,0.003803,0.004169,0.004578,0.005031,0.005511,0.006011,0.006534,0.007083,0.007668,0.008295,0.008971,0.009689,0.010453,0.011298,0.012232,0.013064,0.013814,0.014582,0.015486,0.016612,0.018021,0.019737,0.021733,0.023928,0.026307,0.028905,0.031789,0.035007,0.038613,0.042652,0.047220,0.052497,0.058813,0.066590,0.075967,0.085797,0.096135,0.107225,0.119233,0.132274,0.146476,0.162010,0.179024,0.197559,0.217483,0.238205,0.258717,0.277969,0.295852,0.314037,0.332439,0.350967,0.369522,0.387998,0.407398,0.427767,0.449156,0.471614,0.495194,0.519954,0.545952,0.573249,0.601912,0.632007,0.663608,0.696788,0.731628,0.768209,0.806619
2053,0.003514,0.000269,0.000157,0.000130,0.000107,0.000091,0.000080,0.000075,0.000072,0.000073,0.000076,0.000083,0.000099,0.000132,0.000191,0.000282,0.000396,0.000529,0.000669,0.000804,0.000923,0.001023,0.001105,0.001176,0.001247,0.001322,0.001396,0.001467,0.001527,0.001577,0.001617,0.001651,0.001690,0.001738,0.001795,0.001853,0.001910,0.001967,0.002021,0.002066,0.002100,0.002126,0.002161,0.002220,0.002308,0.002424,0.002559,0.002718,0.002910,0.003151,0.003443,0.003769,0.004131,0.004536,0.004983,0.005459,0.005953,0.006470,0.007013,0.007590,0.008210,0.008878,0.009588,0.010346,0.011188,0.012122,0.012953,0.013698,0.014461,0.015356,0.016474,0.017871,0.019574,0.021555,0.023734,0.026095,0.028675,0.031538,0.034732,0.038310,0.042318,0.046850,0.052091,0.058371,0.066122,0.075485,0.085283,0.095569,0.106594,0.118529,0.131491,0.145606,0.161047,0.177958,0.196381,0.216185,0.236783,0.257173,0.276314,0.294094,0.312173,0.330469,0.348889,0.367334,0.385701,0.404986,0.425235,0.446497,0.468822,0.492263,0.516876,0.542720,0.569856,0.598348,0.628266,0.659679,0.692663,0.727296,0.763661,0.801844
2054,0.003457,0.000266,0.000155,0.000128,0.000105,0.000089,0.000079,0.000074,0.000071,0.000072,0.000074,0.000082,0.000098,0.000131,0.000189,0.000279,0.000393,0.000525,0.000664,0.000798,0.000916,0.001016,0.001097,0.001167,0.001238,0.001312,0.001386,0.001456,0.001516,0.001565,0.001605,0.001639,0.001677,0.001725,0.001780,0.001838,0.001895,0.001951,0.002005,0.002049,0.002082,0.002108,0.002142,0.002200,0.002287,0.002401,0.002536,0.002692,0.002883,0.003122,0.003412,0.003735,0.004093,0.004494,0.004937,0.005407,0.005896,0.006407,0.006944,0.007514,0.008126,0.008787,0.009489,0.010241,0.011079,0.012014,0.012843,0.013584,0.014340,0.015229,0.016337,0.017724,0.019414,0.021379,0.023542,0.025887,0.028448,0.031289,0.034460,0.038011,0.041989,0.046486,0.051689,0.057935,0.065660,0.075008,0.084774,0.095009,0.105970,0.117832,0.130715,0.144745,0.160094,0.176903,0.195215,0.214900,0.235375,0.255646,0.274676,0.292353,0.310329,0.328519,0.346831,0.365169,0.383427,0.402599,0.422729,0.443865,0.466058,0.489361,0.513829,0.539521,0.566497,0.594822,0.624563,0.655791,0.688580,0.723009,0.759160,0.797118
2055,0.003401,0.000262,0.000153,0.000127,0.000104,0.000088,0.000078,0.000073,0.000071,0.000071,0.000073,0.000080,0.000096,0.000129,0.000187,0.000277,0.000390,0.000521,0.000659,0.000792,0.000909,0.001008,0.001089,0.001159,0.001228,0.001302,0.001376,0.001445,0.001505,0.001553,0.001593,0.001626,0.001664,0.001711,0.001766,0.001823,0.001880,0.001935,0.001988,0.002032,0.002064,0.002090,0.002124,0.002180,0.002267,0.002379,0.002512,0.002667,0.002856,0.003093,0.003381,0.003701,0.004056,0.004452,0.004890,0.005356,0.005840,0.006345,0.006875,0.007439,0.008044,0.008696,0.009391,0.010136,0.010972,0.011907,0.012734,0.013472,0.014222,0.015103,0.016202,0.017578,0.019255,0.021206,0.023353,0.025681,0.028223,0.031044,0.034191,0.037716,0.041663,0.046126,0.051293,0.057504,0.065204,0.074537,0.084270,0.094455,0.105353,0.117143,0.129948,0.143894,0.159151,0.175860,0.194063,0.213629,0.233983,0.254135,0.273055,0.290631,0.308504,0.326589,0.344795,0.363026,0.381177,0.400236,0.420248,0.441260,0.463323,0.486489,0.510814,0.536355,0.563172,0.591331,0.620897,0.651942,0.684539,0.718766,0.754705,0.792440
2056,0.003345,0.000259,0.000151,0.000125,0.000103,0.000087,0.000077,0.000072,0.000070,0.000070,0.000072,0.000079,0.000095,0.000128,0.000186,0.000275,0.000387,0.000517,0.000654,0.000786,0.000903,0.001001,0.001080,0.001150,0.001219,0.001292,0.001365,0.001434,0.001493,0.001542,0.001581,0.001614,0.001651,0.001698,0.001752,0.001809,0.001865,0.001920,0.001972,0.002015,0.002047,0.002072,0.002105,0.002161,0.002246,0.002358,0.002489,0.002642,0.002829,0.003064,0.003350,0.003668,0.004019,0.004411,0.004845,0.005305,0.005784,0.006283,0.006808,0.007365,0.007962,0.008607,0.009294,0.010033,0.010866,0.011801,0.012627,0.013360,0.014105,0.014979,0.016069,0.017434,0.019099,0.021035,0.023167,0.025478,0.028002,0.030803,0.033927,0.037425,0.041342,0.045772,0.050902,0.057079,0.064753,0.074071,0.083772,0.093907,0.104742,0.116461,0.129189,0.143052,0.158218,0.174828,0.192922,0.212372,0.232605,0.252640,0.271451,0.288927,0.306698,0.324679,0.342780,0.360905,0.378950,0.397898,0.417793,0.438682,0.460616,0.483647,0.507829,0.533221,0.559882,0.587876,0.617270,0.648133,0.680540,0.714567,0.750295,0.787810
2057,0.003291,0.000255,0.000149,0.000123,0.000101,0.000086,0.000076,0.000071,0.000069,0.000069,0.000071,0.000078,0.000094,0.000126,0.000184,0.000272,0.000384,0.000513,0.000650,0.000780,0.000896,0.000993,0.001073,0.001142,0.001210,0.001283,0.001355,0.001423,0.001482,0.001530,0.001569,0.001601,0.001638,0.001685,0.001739,0.001795,0.001850,0.001904,0.001956,0.001998,0.002030,0.002054,0.002087,0.002142,0.002226,0.002336,0.002466,0.002617,0.002803,0.003036,0.003320,0.003635,0.003982,0.004371,0.004800,0.005255,0.005728,0.006222,0.006741,0.007291,0.007882,0.008519,0.009198,0.009932,0.010761,0.011697,0.012522,0.013251,0.013989,0.014856,0.015938,0.017292,0.018944,0.020866,0.022983,0.025277,0.027783,0.030564,0.033665,0.037138,0.041025,0.045422,0.050516,0.056659,0.064309,0.073610,0.083279,0.093364,0.104137,0.115787,0.128438,0.142219,0.157296,0.173808,0.191794,0.211128,0.231242,0.251161,0.269864,0.287241,0.304910,0.322788,0.340786,0.358806,0.376746,0.395583,0.415363,0.436131,0.457937,0.480834,0.504876,0.530120,0.556625,0.584457,0.613680,0.644364,0.676582,0.710411,0.745931,0.783228
2058,0.003237,0.000252,0.000147,0.000122,0.000100,0.000085,0.000075,0.000070,0.000068,0.000068,0.000070,0.000077,0.000093,0.000124,0.000182,0.000270,0.000381,0.000509,0.000645,0.000774,0.000889,0.000986,0.001065,0.001133,0.001201,0.001273,0.001345,0.001413,0.001471,0.001519,0.001557,0.001589,0.001626,0.001671,0.001725,0.001780,0.001835,0.001889,0.001940,0.001982,0.002012,0.002036,0.002068,0.002123,0.002206,0.002315,0.002443,0.002593,0.002776,0.003008,0.003290,0.003602,0.003946,0.004331,0.004755,0.005206,0.005674,0.006162,0.006675,0.007219,0.007802,0.008432,0.009103,0.009831,0.010658,0.011595,0.012417,0.013142,0.013875,0.014735,0.015808,0.017152,0.018792,0.020700,0.022801,0.025079,0.027567,0.030328,0.033407,0.036854,0.040713,0.045076,0.050136,0.056245,0.063869,0.073155,0.082792,0.092828,0.103539,0.115119,0.127695,0.141394,0.156383,0.172798,0.190678,0.209898,0.229894,0.249698,0.268294,0.285572,0.303141,0.320917,0.338812,0.356728,0.374565,0.393293,0.412957,0.433605,0.455285,0.478050,0.501952,0.527050,0.553402,0.581072,0.610126,0.640632,0.672664,0.706297,0.741612,0.778693
2059,0.003185,0.000248,0.000145,0.000120,0.000099,0.000084,0.000074,0.000069,0.000067,0.000067,0.000069,0.000076,0.000091,0.000123,0.000180,0.000268,0.000378,0.000505,0.000640,0.000769,0.000883,0.000979,0.001057,0.001125,0.001193,0.001264,0.001335,0.001402,0.001460,0.001507,0.001545,0.001577,0.001613,0.001658,0.001711,0.001766,0.001820,0.001874,0.001924,0.001965,0.001995,0.002019,0.002050,0.002104,0.002186,0.002293,0.002420,0.002568,0.002750,0.002980,0.003261,0.003570,0.003911,0.004291,0.004711,0.005157,0.005620,0.006102,0.006609,0.007147,0.007724,0.008346,0.009010,0.009732,0.010556,0.011493,0.012314,0.013035,0.013763,0.014615,0.015680,0.017014,0.018641,0.020535,0.022621,0.024883,0.027354,0.030096,0.033152,0.036574,0.040404,0.044735,0.049760,0.055836,0.063435,0.072705,0.082310,0.092297,0.102947,0.114459,0.126960,0.140579,0.155480,0.171798,0.189573,0.208680,0.228560,0.248249,0.266740,0.283921,0.301390,0.319066,0.336858,0.354672,0.372405,0.391026,0.410577,0.431106,0.452661,0.475294,0.499059,0.524012,0.550212,0.577723,0.606609,0.636940,0.668787,0.702226,0.737337,0.774204
2060,0.003133,0.000245,0.000144,0.000119,0.000097,0.000082,0.000073,0.000068,0.000066,0.000066,0.000068,0.000075,0.000090,0.000121,0.000178,0.000265,0.000375,0.000502,0.000635,0.000763,0.000876,0.000972,0.001049,0.001116,0.001184,0.001254,0.001325,0.001392,0.001449,0.001496,0.001533,0.001565,0.001601,0.001646,0.001698,0.001752,0.001806,0.001858,0.001908,0.001949,0.001979,0.002001,0.002032,0.002085,0.002166,0.002273,0.002398,0.002545,0.002725,0.002953,0.003231,0.003538,0.003876,0.004252,0.004667,0.005108,0.005566,0.006044,0.006545,0.007076,0.007646,0.008261,0.008918,0.009634,0.010455,0.011393,0.012212,0.012930,0.013652,0.014497,0.015554,0.016877,0.018492,0.020373,0.022444,0.024690,0.027144,0.029866,0.032901,0.036298,0.040099,0.044399,0.049389,0.055433,0.063006,0.072259,0.081833,0.091771,0.102361,0.113805,0.126233,0.139772,0.154586,0.170810,0.188481,0.207475,0.227240,0.246816,0.265202,0.282287,0.299657,0.317233,0.334924,0.352637,0.370268,0.388782,0.408221,0.428632,0.450064,0.472567,0.496195,0.521005,0.547055,0.574408,0.603128,0.633285,0.664949,0.698196,0.733106,0.769761
2061,0.003082,0.000241,0.000142,0.000117,0.000096,0.000081,0.000072,0.000067,0.000065,0.000065,0.000067,0.000074,0.000089,0.000120,0.000176,0.000263,0.000372,0.000498,0.000631,0.000757,0.000870,0.000965,0.001041,0.001108,0.001175,0.001245,0.001315,0.001381,0.001438,0.001484,0.001521,0.001553,0.001588,0.001633,0.001685,0.001738,0.001791,0.001843,0.001892,0.001933,0.001962,0.001984,0.002015,0.002067,0.002147,0.002252,0.002376,0.002521,0.002699,0.002926,0.003202,0.003507,0.003841,0.004213,0.004624,0.005060,0.005513,0.005986,0.006481,0.007007,0.007569,0.008177,0.008827,0.009537,0.010356,0.011294,0.012112,0.012825,0.013542,0.014381,0.015429,0.016743,0.018346,0.020213,0.022269,0.024500,0.026936,0.029639,0.032652,0.036025,0.039799,0.044067,0.049023,0.055034,0.062583,0.071819,0.081360,0.091251,0.101782,0.113158,0.125513,0.138974,0.153702,0.169832,0.187400,0.206284,0.225933,0.245398,0.263681,0.280669,0.297943,0.315419,0.333011,0.350622,0.368153,0.386561,0.405889,0.426184,0.447493,0.469867,0.493361,0.518029,0.543930,0.571127,0.599683,0.629667,0.661151,0.694208,0.728918,0.765364
2062,0.003032,0.000238,0.000140,0.000116,0.000095,0.000080,0.000071,0.000066,0.000064,0.000064,0.000066,0.000073,0.000088,0.000119,0.000175,0.000261,0.000369,0.000494,0.000626,0.000752,0.000864,0.000958,0.001034,0.001100,0.001166,0.001236,0.001306,0.001371,0.001427,0.001473,0.001510,0.001541,0.001576,0.001620,0.001671,0.001725,0.001777,0.001829,0.001877,0.001917,0.001945,0.001967,0.001997,0.002049,0.002128,0.002231,0.002354,0.002497,0.002674,0.002899,0.003174,0.003476,0.003807,0.004175,0.004582,0.005013,0.005461,0.005928,0.006418,0.006937,0.007494,0.008094,0.008737,0.009442,0.010257,0.011196,0.012013,0.012722,0.013434,0.014266,0.015306,0.016609,0.018201,0.020054,0.022097,0.024312,0.026731,0.029415,0.032407,0.035756,0.039502,0.043739,0.048662,0.054641,0.062165,0.071384,0.080893,0.090736,0.101208,0.112519,0.124801,0.138184,0.152827,0.168864,0.186330,0.205104,0.224641,0.243995,0.262175,0.279069,0.296246,0.313624,0.331117,0.348629,0.366060,0.384363,0.403581,0.423760,0.444948,0.467196,0.490555,0.515083,0.540837,0.567879,0.596273,0.626087,0.657391,0.690261,0.724774,0.761012
2063,0.002982,0.000235,0.000138,0.000114,0.000094,0.000079,0.000070,0.000065,0.000063,0.000063,0.000066,0.000072,0.000087,0.000117,0.000173,0.000259,0.000366,0.000490,0.000621,0.000746,0.000857,0.000951,0.001026,0.001092,0.001158,0.001227,0.001296,0.001361,0.001416,0.001462,0.001498,0.001529,0.001564,0.001607,0.001658,0.001711,0.001763,0.001814,0.001862,0.001901,0.001929,0.001950,0.001980,0.002030,0.002109,0.002211,0.002332,0.002474,0.002649,0.002872,0.003146,0.003445,0.003773,0.004137,0.004540,0.004967,0.005410,0.005872,0.006356,0.006869,0.007419,0.008012,0.008648,0.009347,0.010160,0.011100,0.011915,0.012621,0.013327,0.014152,0.015184,0.016478,0.018058,0.019898,0.021926,0.024126,0.026529,0.029194,0.032165,0.035490,0.039209,0.043415,0.048305,0.054253,0.061751,0.070953,0.080431,0.090227,0.100641,0.111885,0.124097,0.137402,0.151962,0.167906,0.185272,0.203938,0.223362,0.242607,0.260685,0.277485,0.294566,0.311848,0.329242,0.346655,0.363988,0.382188,0.401297,0.421362,0.442430,0.464551,0.487779,0.512168,0.537776,0.564665,0.592898,0.622543,0.653670,0.686354,0.720672,0.756705
2064,0.002934,0.000232,0.000136,0.000113,0.000092,0.000078,0.000069,0.000065,0.000062,0.000062,0.000065,0.000071,0.000085,0.000116,0.000171,0.000257,0.000364,0.000487,0.000617,0.000741,0.000851,0.000944,0.001019,0.001084,0.001149,0.001218,0.001286,0.001350,0.001406,0.001451,0.001487,0.001517,0.001552,0.001595,0.001645,0.001698,0.001749,0.001799,0.001846,0.001885,0.001913,0.001934,0.001963,0.002012,0.002090,0.002191,0.002311,0.002451,0.002625,0.002846,0.003118,0.003414,0.003739,0.004100,0.004498,0.004920,0.005359,0.005816,0.006294,0.006802,0.007345,0.007931,0.008560,0.009254,0.010065,0.011005,0.011818,0.012520,0.013221,0.014040,0.015064,0.016348,0.017917,0.019744,0.021758,0.023943,0.026329,0.028976,0.031926,0.035227,0.038920,0.043096,0.047953,0.053870,0.061343,0.070528,0.079974,0.089723,0.100079,0.111259,0.123400,0.136629,0.151106,0.166959,0.184225,0.202783,0.222097,0.241233,0.259210,0.275917,0.292904,0.310089,0.327387,0.344702,0.361938,0.380034,0.399036,0.418988,0.439937,0.461934,0.485031,0.509282,0.534747,0.561484,0.589558,0.619036,0.649988,0.682487,0.716612,0.752442
2065,0.002886,0.000229,0.000134,0.000111,0.000091,0.000077,0.000069,0.000064,0.000061,0.000061,0.000064,0.000070,0.000084,0.000114,0.000169,0.000255,0.000361,0.000483,0.000612,0.000735,0.000845,0.000937,0.001011,0.001076,0.001141,0.001209,0.001277,0.001340,0.001395,0.001440,0.001476,0.001506,0.001540,0.001582,0.001632,0.001684,0.001735,0.001785,0.001831,0.001869,0.001897,0.001917,0.001946,0.001995,0.002071,0.002171,0.002289,0.002428,0.002601,0.002820,0.003090,0.003384,0.003706,0.004063,0.004457,0.004875,0.005309,0.005760,0.006234,0.006735,0.007272,0.007851,0.008473,0.009162,0.009970,0.010910,0.011723,0.012421,0.013117,0.013929,0.014945,0.016220,0.017777,0.019592,0.021591,0.023761,0.026132,0.028761,0.031690,0.034968,0.038634,0.042780,0.047606,0.053491,0.060940,0.070106,0.079521,0.089224,0.099523,0.110639,0.122710,0.135863,0.150258,0.166022,0.183189,0.201641,0.220845,0.239874,0.257751,0.274366,0.291259,0.308349,0.325550,0.342769,0.359908,0.377903,0.396799,0.416638,0.437470,0.459344,0.482311,0.506427,0.531748,0.558335,0.586252,0.615565,0.646343,0.678660,0.712593,0.748223
2066,0.002839,0.000226,0.000133,0.000110,0.000090,0.000076,0.000068,0.000063,0.000061,0.000061,0.000063,0.000069,0.000083,0.000113,0.000168,0.000252,0.000358,0.000479,0.000608,0.000730,0.000838,0.000930,0.001004,0.001068,0.001132,0.001200,0.001267,0.001330,0.001385,0.001429,0.001465,0.001494,0.001528,0.001570,0.001620,0.001671,0.001721,0.001770,0.001816,0.001854,0.001881,0.001901,0.001929,0.001977,0.002052,0.002151,0.002268,0.002406,0.002576,0.002794,0.003063,0.003355,0.003673,0.004026,0.004416,0.004830,0.005259,0.005705,0.006174,0.006669,0.007200,0.007772,0.008388,0.009071,0.009876,0.010818,0.011628,0.012323,0.013014,0.013820,0.014828,0.016094,0.017640,0.019441,0.021427,0.023583,0.025937,0.028548,0.031457,0.034712,0.038352,0.042469,0.047263,0.053118,0.060542,0.069690,0.079073,0.088730,0.098973,0.110025,0.122027,0.135106,0.149420,0.165094,0.182164,0.200511,0.219606,0.238528,0.256307,0.272831,0.289631,0.306627,0.323733,0.340856,0.357899,0.375794,0.394584,0.414313,0.435029,0.456780,0.479619,0.503600,0.528780,0.555219,0.582980,0.612129,0.642736,0.674872,0.708616,0.744047
2067,0.002793,0.000223,0.000131,0.000108,0.000089,0.000075,0.000067,0.000062,0.000060,0.000060,0.000062,0.000068,0.000082,0.000112,0.000166,0.000250,0.000355,0.000476,0.000603,0.000725,0.000832,0.000923,0.000996,0.001060,0.001124,0.001191,0.001258,0.001320,0.001374,0.001419,0.001454,0.001483,0.001516,0.001558,0.001607,0.001658,0.001707,0.001756,0.001802,0.001839,0.001865,0.001885,0.001912,0.001960,0.002034,0.002132,0.002248,0.002384,0.002553,0.002769,0.003035,0.003325,0.003640,0.003990,0.004376,0.004785,0.005210,0.005651,0.006114,0.006604,0.007128,0.007694,0.008303,0.008981,0.009784,0.010726,0.011535,0.012227,0.012912,0.013712,0.014713,0.015969,0.017504,0.019293,0.021265,0.023406,0.025745,0.028338,0.031227,0.034459,0.038074,0.042162,0.046925,0.052749,0.060148,0.069278,0.078630,0.088241,0.098428,0.109417,0.121351,0.134357,0.148590,0.164177,0.181150,0.199393,0.218380,0.237197,0.254878,0.271312,0.288019,0.304922,0.321934,0.338963,0.355911,0.373707,0.392392,0.412012,0.432612,0.454243,0.476955,0.500803,0.525843,0.552135,0.579742,0.608729,0.639165,0.671123,0.704679,0.739913
2068,0.002748,0.000220,0.000129,0.000107,0.000088,0.000074,0.000066,0.000061,0.000059,0.000059,0.000061,0.000067,0.000081,0.000110,0.000164,0.000248,0.000353,0.000472,0.000599,0.000719,0.000826,0.000916,0.000989,0.001052,0.001116,0.001182,0.001248,0.001311,0.001364,0.001408,0.001443,0.001471,0.001504,0.001546,0.001594,0.001645,0.001694,0.001742,0.001787,0.001823,0.001849,0.001869,0.001895,0.001943,0.002016,0.002113,0.002227,0.002362,0.002529,0.002744,0.003009,0.003296,0.003608,0.003954,0.004336,0.004741,0.005161,0.005598,0.006056,0.006540,0.007058,0.007617,0.008219,0.008892,0.009693,0.010635,0.011443,0.012131,0.012812,0.013606,0.014598,0.015846,0.017369,0.019146,0.021105,0.023232,0.025555,0.028130,0.031000,0.034210,0.037799,0.041859,0.046590,0.052384,0.059759,0.068871,0.078192,0.087757,0.097889,0.108816,0.120683,0.133615,0.147770,0.163269,0.180146,0.198286,0.217167,0.235880,0.253464,0.269808,0.286425,0.303235,0.320154,0.337089,0.353943,0.371640,0.390222,0.409734,0.430220,0.451731,0.474318,0.498034,0.522935,0.549082,0.576536,0.605363,0.635631,0.667413,0.700783,0.735823
2069,0.002703,0.000217,0.000128,0.000105,0.000086,0.000073,0.000065,0.000060,0.000058,0.000058,0.000060,0.000066,0.000080,0.000109,0.000163,0.000246,0.000350,0.000469,0.000594,0.000714,0.000820,0.000909,0.000982,0.001045,0.001107,0.001173,0.001239,0.001301,0.001354,0.001397,0.001432,0.001460,0.001493,0.001534,0.001582,0.001632,0.001680,0.001728,0.001772,0.001808,0.001834,0.001853,0.001879,0.001925,0.001998,0.002093,0.002207,0.002340,0.002506,0.002719,0.002982,0.003267,0.003576,0.003919,0.004297,0.004698,0.005113,0.005545,0.005998,0.006476,0.006988,0.007541,0.008137,0.008804,0.009603,0.010546,0.011353,0.012037,0.012713,0.013500,0.014486,0.015724,0.017237,0.019001,0.020947,0.023059,0.025367,0.027925,0.030776,0.033963,0.037528,0.041559,0.046261,0.052025,0.059375,0.068468,0.077758,0.087279,0.097356,0.108221,0.120021,0.132881,0.146957,0.162370,0.179153,0.197191,0.215967,0.234577,0.252064,0.268320,0.284846,0.301565,0.318392,0.335234,0.351996,0.369595,0.388075,0.407479,0.427853,0.449245,0.471708,0.495293,0.520058,0.546061,0.573364,0.602032,0.632133,0.663740,0.696927,0.731774
2070,0.002659,0.000214,0.000126,0.000104,0.000085,0.000072,0.000064,0.000060,0.000057,0.000057,0.000059,0.000065,0.000079,0.000108,0.000161,0.000244,0.000347,0.000465,0.000590,0.000709,0.000814,0.000903,0.000975,0.001037,0.001099,0.001165,0.001230,0.001291,0.001344,0.001387,0.001421,0.001449,0.001481,0.001522,0.001570,0.001619,0.001667,0.001714,0.001758,0.001793,0.001818,0.001837,0.001863,0.001909,0.001980,0.002075,0.002186,0.002318,0.002483,0.002694,0.002956,0.003239,0.003545,0.003884,0.004258,0.004654,0.005065,0.005493,0.005940,0.006414,0.006919,0.007465,0.008055,0.008718,0.009514,0.010457,0.011263,0.011944,0.012615,0.013396,0.014374,0.015603,0.017106,0.018858,0.020791,0.022889,0.025182,0.027723,0.030554,0.033720,0.037260,0.041263,0.045935,0.051669,0.058995,0.068070,0.077328,0.086805,0.096828,0.107633,0.119366,0.132155,0.146153,0.161481,0.178170,0.196108,0.214779,0.233287,0.250679,0.266847,0.283284,0.299913,0.316647,0.333398,0.350068,0.367571,0.385950,0.405247,0.425510,0.446785,0.469124,0.492581,0.517210,0.543070,0.570224,0.598735,0.628672,0.660105,0.693110,0.727766
2071,0.002616,0.000211,0.000124,0.000103,0.000084,0.000071,0.000063,0.000059,0.000057,0.000057,0.000059,0.000064,0.000078,0.000106,0.000159,0.000242,0.000345,0.000462,0.000586,0.000704,0.000808,0.000896,0.000967,0.001029,0.001091,0.001156,0.001221,0.001282,0.001334,0.001377,0.001410,0.001438,0.001470,0.001510,0.001557,0.001606,0.001654,0.001700,0.001744,0.001779,0.001803,0.001821,0.001847,0.001892,0.001963,0.002056,0.002166,0.002297,0.002460,0.002670,0.002930,0.003210,0.003514,0.003850,0.004220,0.004612,0.005019,0.005441,0.005884,0.006352,0.006851,0.007391,0.007975,0.008632,0.009426,0.010370,0.011174,0.011852,0.012518,0.013294,0.014264,0.015485,0.016976,0.018717,0.020637,0.022721,0.024999,0.027523,0.030335,0.033480,0.036995,0.040971,0.045613,0.051318,0.058620,0.067676,0.076903,0.086336,0.096305,0.107050,0.118718,0.131437,0.145358,0.160601,0.177198,0.195035,0.213604,0.232010,0.249309,0.265390,0.281738,0.298277,0.314921,0.331581,0.348160,0.365568,0.383846,0.403039,0.423190,0.444350,0.466568,0.489896,0.514391,0.540110,0.567116,0.595472,0.625245,0.656507,0.689333,0.723799
2072,0.002574,0.000208,0.000123,0.000101,0.000083,0.000070,0.000062,0.000058,0.000056,0.000056,0.000058,0.000063,0.000077,0.000105,0.000158,0.000240,0.000342,0.000458,0.000581,0.000698,0.000802,0.000890,0.000960,0.001022,0.001083,0.001147,0.001212,0.001272,0.001324,0.001366,0.001399,0.001427,0.001459,0.001499,0.001545,0.001593,0.001641,0.001687,0.001729,0.001764,0.001788,0.001806,0.001831,0.001875,0.001945,0.002037,0.002147,0.002276,0.002437,0.002646,0.002904,0.003183,0.003483,0.003815,0.004182,0.004570,0.004972,0.005390,0.005828,0.006290,0.006784,0.007318,0.007895,0.008548,0.009339,0.010284,0.011087,0.011761,0.012423,0.013192,0.014156,0.015367,0.016849,0.018577,0.020484,0.022555,0.024818,0.027326,0.030119,0.033243,0.036734,0.040683,0.045295,0.050972,0.058249,0.067286,0.076482,0.085871,0.095788,0.106473,0.118077,0.130725,0.144571,0.159730,0.176236,0.193974,0.212440,0.230747,0.247952,0.263947,0.280208,0.296658,0.313213,0.329782,0.346271,0.363585,0.381764,0.400852,0.420895,0.441940,0.464037,0.487239,0.511601,0.537181,0.564040,0.592242,0.621854,0.652946,0.685594,0.719873
2073,0.002532,0.000205,0.000121,0.000100,0.000082,0.000069,0.000062,0.000057,0.000055,0.000055,0.000057,0.000062,0.000076,0.000104,0.000156,0.000238,0.000339,0.000455,0.000577,0.000693,0.000796,0.000883,0.000953,0.001014,0.001075,0.001139,0.001203,0.001263,0.001314,0.001356,0.001389,0.001416,0.001447,0.001487,0.001533,0.001581,0.001628,0.001673,0.001715,0.001749,0.001773,0.001790,0.001815,0.001859,0.001928,0.002019,0.002127,0.002255,0.002415,0.002622,0.002879,0.003155,0.003453,0.003782,0.004144,0.004528,0.004926,0.005340,0.005773,0.006230,0.006718,0.007245,0.007816,0.008464,0.009253,0.010199,0.011001,0.011672,0.012328,0.013092,0.014049,0.015251,0.016723,0.018439,0.020334,0.022391,0.024639,0.027131,0.029906,0.033008,0.036476,0.040398,0.044982,0.050630,0.057883,0.066900,0.076066,0.085412,0.095275,0.105902,0.117442,0.130021,0.143792,0.158869,0.175284,0.192925,0.211289,0.229497,0.246610,0.262520,0.278694,0.295056,0.311522,0.328002,0.344402,0.361622,0.379703,0.398689,0.418623,0.439554,0.461532,0.484608,0.508839,0.534281,0.560995,0.589045,0.618497,0.649422,0.681893,0.715987
2074,0.002491,0.000203,0.000120,0.000099,0.000081,0.000069,0.000061,0.000056,0.000054,0.000054,0.000056,0.000062,0.000075,0.000103,0.000155,0.000236,0.000337,0.000452,0.000573,0.000688,0.000791,0.000877,0.000946,0.001007,0.001067,0.001131,0.001194,0.001253,0.001304,0.001346,0.001378,0.001406,0.001436,0.001475,0.001521,0.001568,0.001615,0.001660,0.001702,0.001735,0.001758,0.001775,0.001799,0.001843,0.001911,0.002001,0.002108,0.002234,0.002393,0.002598,0.002854,0.003128,0.003423,0.003748,0.004107,0.004487,0.004881,0.005290,0.005718,0.006170,0.006652,0.007173,0.007739,0.008382,0.009169,0.010114,0.010915,0.011583,0.012235,0.012993,0.013943,0.015137,0.016598,0.018303,0.020185,0.022230,0.024463,0.026938,0.029695,0.032777,0.036221,0.040117,0.044672,0.050292,0.057521,0.066519,0.075654,0.084956,0.094769,0.105337,0.116813,0.129325,0.143021,0.158016,0.174341,0.191886,0.210150,0.228260,0.245281,0.261107,0.277195,0.293470,0.309848,0.326240,0.342552,0.359680,0.377664,0.396547,0.416374,0.437193,0.459053,0.482005,0.506105,0.531411,0.557981,0.585880,0.615174,0.645933,0.678230,0.712141
2075,0.002451,0.000200,0.000118,0.000097,0.000080,0.000068,0.000060,0.000056,0.000054,0.000054,0.000055,0.000061,0.000074,0.000101,0.000153,0.000234,0.000334,0.000448,0.000569,0.000683,0.000785,0.000870,0.000939,0.000999,0.001059,0.001122,0.001185,0.001244,0.001294,0.001336,0.001368,0.001395,0.001425,0.001464,0.001509,0.001556,0.001602,0.001646,0.001688,0.001721,0.001744,0.001760,0.001784,0.001827,0.001894,0.001983,0.002088,0.002213,0.002371,0.002575,0.002829,0.003101,0.003393,0.003715,0.004070,0.004446,0.004836,0.005241,0.005664,0.006111,0.006588,0.007103,0.007662,0.008300,0.009085,0.010031,0.010831,0.011496,0.012143,0.012895,0.013838,0.015024,0.016475,0.018169,0.020038,0.022070,0.024289,0.026748,0.029487,0.032548,0.035969,0.039839,0.044366,0.049958,0.057163,0.066141,0.075246,0.084506,0.094267,0.104778,0.116192,0.128635,0.142258,0.157172,0.173409,0.190857,0.209023,0.227035,0.243967,0.259709,0.275712,0.291900,0.308191,0.324496,0.340721,0.357757,0.375645,0.394427,0.414148,0.434856,0.456599,0.479428,0.503400,0.528570,0.554998,0.582748,0.611886,0.642480,0.674604,0.708334
2076,0.002411,0.000197,0.000117,0.000096,0.000079,0.000067,0.000059,0.000055,0.000053,0.000053,0.000055,0.000060,0.000073,0.000100,0.000152,0.000232,0.000332,0.000445,0.000564,0.000678,0.000779,0.000864,0.000933,0.000992,0.001052,0.001114,0.001176,0.001235,0.001285,0.001326,0.001358,0.001384,0.001414,0.001453,0.001498,0.001544,0.001589,0.001633,0.001674,0.001707,0.001729,0.001745,0.001768,0.001811,0.001877,0.001965,0.002069,0.002193,0.002349,0.002552,0.002804,0.003074,0.003363,0.003683,0.004034,0.004406,0.004792,0.005192,0.005611,0.006052,0.006524,0.007033,0.007586,0.008219,0.009002,0.009949,0.010748,0.011409,0.012052,0.012799,0.013735,0.014912,0.016353,0.018036,0.019893,0.021912,0.024116,0.026560,0.029281,0.032322,0.035720,0.039565,0.044064,0.049628,0.056809,0.065768,0.074842,0.084060,0.093770,0.104224,0.115576,0.127953,0.141503,0.156337,0.172486,0.189840,0.207908,0.225823,0.242665,0.258324,0.274244,0.290347,0.306551,0.322770,0.338908,0.355854,0.373646,0.392329,0.411945,0.432542,0.454170,0.476878,0.500722,0.525758,0.552046,0.579648,0.608631,0.639062,0.671015,0.704566
2077,0.002372,0.000195,0.000115,0.000095,0.000078,0.000066,0.000059,0.000054,0.000052,0.000052,0.000054,0.000059,0.000072,0.000099,0.000150,0.000230,0.000329,0.000442,0.000560,0.000673,0.000773,0.000858,0.000926,0.000985,0.001044,0.001106,0.001168,0.001225,0.001275,0.001316,0.001348,0.001374,0.001404,0.001441,0.001486,0.001532,0.001577,0.001620,0.001661,0.001693,0.001715,0.001731,0.001753,0.001795,0.001860,0.001947,0.002051,0.002173,0.002327,0.002529,0.002780,0.003048,0.003334,0.003650,0.003998,0.004367,0.004748,0.005144,0.005558,0.005995,0.006460,0.006963,0.007511,0.008140,0.008921,0.009868,0.010665,0.011324,0.011962,0.012703,0.013632,0.014802,0.016233,0.017905,0.019750,0.021756,0.023946,0.026374,0.029078,0.032099,0.035475,0.039294,0.043766,0.049302,0.056460,0.065399,0.074442,0.083618,0.093278,0.103676,0.114967,0.127278,0.140755,0.155511,0.171573,0.188833,0.206804,0.224624,0.241377,0.256955,0.272790,0.288809,0.304928,0.321061,0.337114,0.353970,0.371668,0.390252,0.409764,0.430253,0.451765,0.474354,0.498071,0.522975,0.549124,0.576580,0.605409,0.635679,0.667463,0.700836
2078,0.002334,0.000192,0.000114,0.000094,0.000077,0.000065,0.000058,0.000054,0.000052,0.000051,0.000053,0.000058,0.000071,0.000098,0.000149,0.000228,0.000327,0.000438,0.000556,0.000668,0.000768,0.000851,0.000919,0.000978,0.001036,0.001098,0.001159,0.001216,0.001266,0.001306,0.001337,0.001363,0.001393,0.001430,0.001474,0.001520,0.001564,0.001607,0.001647,0.001679,0.001700,0.001716,0.001738,0.001779,0.001844,0.001930,0.002032,0.002153,0.002306,0.002506,0.002756,0.003022,0.003306,0.003618,0.003963,0.004327,0.004705,0.005097,0.005506,0.005938,0.006398,0.006895,0.007437,0.008061,0.008840,0.009788,0.010584,0.011240,0.011873,0.012609,0.013531,0.014693,0.016115,0.017775,0.019609,0.021601,0.023778,0.026191,0.028877,0.031879,0.035232,0.039027,0.043471,0.048981,0.056114,0.065033,0.074046,0.083181,0.092791,0.103133,0.114364,0.126609,0.140015,0.154693,0.170669,0.187836,0.205711,0.223437,0.240103,0.255599,0.271352,0.287287,0.303322,0.319370,0.335338,0.352105,0.369711,0.388196,0.407606,0.427986,0.449386,0.471855,0.495448,0.520220,0.546231,0.573543,0.602220,0.632331,0.663947,0.697145
2079,0.002296,0.000189,0.000112,0.000093,0.000076,0.000064,0.000057,0.000053,0.000051,0.000051,0.000052,0.000057,0.000070,0.000097,0.000147,0.000226,0.000324,0.000435,0.000552,0.000663,0.000762,0.000845,0.000912,0.000971,0.001029,0.001089,0.001150,0.001207,0.001256,0.001296,0.001327,0.001353,0.001382,0.001419,0.001463,0.001508,0.001552,0.001594,0.001634,0.001665,0.001686,0.001701,0.001723,0.001764,0.001828,0.001913,0.002013,0.002133,0.002285,0.002484,0.002732,0.002996,0.003277,0.003587,0.003928,0.004288,0.004662,0.005049,0.005454,0.005881,0.006336,0.006827,0.007364,0.007984,0.008760,0.009709,0.010504,0.011156,0.011786,0.012516,0.013432,0.014585,0.015997,0.017647,0.019469,0.021449,0.023612,0.026009,0.028678,0.031661,0.034993,0.038763,0.043180,0.048663,0.055772,0.064672,0.073655,0.082748,0.092309,0.102596,0.113767,0.125947,0.139283,0.153883,0.169775,0.186850,0.204630,0.222263,0.238841,0.254257,0.269928,0.285780,0.301732,0.317696,0.333581,0.350260,0.367773,0.386161,0.405469,0.425743,0.447030,0.469382,0.492851,0.517493,0.543368,0.570536,0.599063,0.629016,0.660467,0.693490
2080,0.002259,0.000187,0.000111,0.000091,0.000075,0.000063,0.000056,0.000052,0.000050,0.000050,0.000052,0.000057,0.000069,0.000096,0.000146,0.000225,0.000322,0.000432,0.000548,0.000659,0.000757,0.000839,0.000906,0.000963,0.001021,0.001081,0.001142,0.001198,0.001247,0.001286,0.001317,0.001343,0.001372,0.001408,0.001452,0.001496,0.001540,0.001582,0.001621,0.001651,0.001672,0.001687,0.001709,0.001748,0.001812,0.001895,0.001995,0.002114,0.002264,0.002462,0.002708,0.002970,0.003249,0.003556,0.003893,0.004250,0.004620,0.005003,0.005403,0.005825,0.006275,0.006761,0.007291,0.007907,0.008681,0.009630,0.010424,0.011074,0.011699,0.012424,0.013333,0.014479,0.015882,0.017520,0.019331,0.021298,0.023448,0.025830,0.028482,0.031446,0.034756,0.038502,0.042893,0.048349,0.055435,0.064314,0.073267,0.082320,0.091832,0.102064,0.113176,0.125292,0.138559,0.153082,0.168889,0.185874,0.203560,0.221100,0.237593,0.252929,0.268519,0.284289,0.300158,0.316039,0.331841,0.348433,0.365854,0.384147,0.403355,0.423522,0.444698,0.466933,0.490280,0.514794,0.540534,0.567560,0.595938,0.625735,0.657022,0.689873
2081,0.002223,0.000184,0.000109,0.000090,0.000074,0.000063,0.000056,0.000051,0.000050,0.000049,0.000051,0.000056,0.000068,0.000095,0.000144,0.000223,0.000319,0.000429,0.000544,0.000654,0.000751,0.000833,0.000899,0.000956,0.001013,0.001073,0.001133,0.001189,0.001238,0.001277,0.001307,0.001332,0.001361,0.001397,0.001440,0.001484,0.001527,0.001569,0.001607,0.001638,0.001658,0.001673,0.001694,0.001733,0.001796,0.001879,0.001977,0.002095,0.002244,0.002440,0.002685,0.002945,0.003221,0.003525,0.003859,0.004212,0.004578,0.004957,0.005353,0.005770,0.006215,0.006695,0.007220,0.007831,0.008604,0.009553,0.010346,0.010992,0.011614,0.012333,0.013236,0.014374,0.015767,0.017395,0.019194,0.021150,0.023286,0.025653,0.028289,0.031233,0.034522,0.038244,0.042609,0.048039,0.055101,0.063960,0.072883,0.081896,0.091359,0.101538,0.112590,0.124644,0.137841,0.152289,0.168013,0.184908,0.202500,0.219950,0.236357,0.251614,0.267124,0.282813,0.298600,0.314399,0.330119,0.346625,0.363956,0.382154,0.401261,0.421324,0.442390,0.464510,0.487736,0.512122,0.537728,0.564615,0.592846,0.622488,0.653612,0.686293
2082,0.002187,0.000182,0.000108,0.000089,0.000073,0.000062,0.000055,0.000051,0.000049,0.000049,0.000050,0.000055,0.000067,0.000093,0.000143,0.000221,0.000317,0.000426,0.000540,0.000649,0.000746,0.000827,0.000892,0.000949,0.001006,0.001066,0.001125,0.001181,0.001228,0.001267,0.001298,0.001322,0.001351,0.001387,0.001429,0.001473,0.001515,0.001557,0.001595,0.001624,0.001645,0.001659,0.001679,0.001718,0.001780,0.001862,0.001959,0.002075,0.002223,0.002418,0.002662,0.002920,0.003194,0.003494,0.003825,0.004174,0.004536,0.004912,0.005303,0.005716,0.006155,0.006630,0.007149,0.007756,0.008527,0.009477,0.010268,0.010912,0.011529,0.012243,0.013140,0.014270,0.015654,0.017272,0.019059,0.021003,0.023126,0.025479,0.028097,0.031023,0.034291,0.037989,0.042328,0.047732,0.054771,0.063610,0.072503,0.081475,0.090891,0.101017,0.112011,0.124002,0.137131,0.151504,0.167146,0.183952,0.201452,0.218811,0.235134,0.250313,0.265743,0.281352,0.297057,0.312775,0.328414,0.344835,0.362076,0.380180,0.399189,0.419149,0.440106,0.462111,0.485217,0.509478,0.534952,0.561699,0.589784,0.619273,0.650237,0.682749
2083,0.002151,0.000180,0.000107,0.000088,0.000072,0.000061,0.000054,0.000050,0.000048,0.000048,0.000050,0.000054,0.000066,0.000092,0.000141,0.000219,0.000314,0.000422,0.000536,0.000644,0.000740,0.000821,0.000886,0.000942,0.000999,0.001058,0.001117,0.001172,0.001219,0.001258,0.001288,0.001312,0.001340,0.001376,0.001418,0.001461,0.001503,0.001544,0.001582,0.001611,0.001631,0.001645,0.001665,0.001703,0.001764,0.001845,0.001942,0.002056,0.002203,0.002396,0.002639,0.002895,0.003166,0.003464,0.003791,0.004137,0.004495,0.004867,0.005254,0.005662,0.006096,0.006565,0.007080,0.007682,0.008451,0.009401,0.010192,0.010833,0.011445,0.012155,0.013045,0.014167,0.015542,0.017150,0.018926,0.020858,0.022968,0.025306,0.027908,0.030816,0.034063,0.037738,0.042051,0.047429,0.054445,0.063263,0.072126,0.081059,0.090428,0.100500,0.111438,0.123367,0.136428,0.150727,0.166287,0.183006,0.200415,0.217684,0.233923,0.249025,0.264377,0.279905,0.295531,0.311168,0.326726,0.343063,0.360216,0.378227,0.397138,0.416995,0.437845,0.459737,0.482724,0.506860,0.532203,0.558813,0.586754,0.616091,0.646896,0.679241
2084,0.002117,0.000177,0.000105,0.000087,0.000071,0.000060,0.000053,0.000050,0.000048,0.000047,0.000049,0.000054,0.000065,0.000091,0.000140,0.000217,0.000312,0.000419,0.000532,0.000639,0.000735,0.000815,0.000879,0.000935,0.000991,0.001050,0.001108,0.001163,0.001210,0.001248,0.001278,0.001302,0.001330,0.001365,0.001407,0.001450,0.001492,0.001532,0.001569,0.001598,0.001617,0.001631,0.001651,0.001688,0.001749,0.001829,0.001924,0.002038,0.002183,0.002375,0.002617,0.002871,0.003139,0.003434,0.003758,0.004101,0.004455,0.004822,0.005205,0.005609,0.006038,0.006502,0.007011,0.007609,0.008376,0.009327,0.010116,0.010754,0.011363,0.012067,0.012951,0.014066,0.015432,0.017029,0.018794,0.020714,0.022811,0.025135,0.027722,0.030611,0.033837,0.037489,0.041778,0.047130,0.054123,0.062920,0.071754,0.080648,0.089969,0.099989,0.110870,0.122738,0.135733,0.149958,0.165438,0.182069,0.199388,0.216568,0.232724,0.247750,0.263024,0.278474,0.294020,0.309577,0.325056,0.341309,0.358374,0.376293,0.395108,0.414863,0.435606,0.457386,0.480256,0.504268,0.529482,0.555956,0.583754,0.612941,0.643589,0.675768
2085,0.002082,0.000175,0.000104,0.000086,0.000070,0.000059,0.000053,0.000049,0.000047,0.000047,0.000048,0.000053,0.000065,0.000090,0.000139,0.000216,0.000310,0.000416,0.000528,0.000635,0.000729,0.000809,0.000873,0.000929,0.000984,0.001042,0.001100,0.001155,0.001201,0.001239,0.001269,0.001293,0.001320,0.001355,0.001396,0.001439,0.001480,0.001520,0.001556,0.001585,0.001604,0.001617,0.001637,0.001674,0.001733,0.001812,0.001907,0.002019,0.002163,0.002354,0.002594,0.002846,0.003113,0.003404,0.003725,0.004064,0.004415,0.004778,0.005157,0.005556,0.005980,0.006439,0.006942,0.007537,0.008301,0.009253,0.010041,0.010677,0.011281,0.011980,0.012858,0.013965,0.015323,0.016910,0.018664,0.020572,0.022657,0.024966,0.027537,0.030408,0.033615,0.037243,0.041507,0.046834,0.053804,0.062581,0.071385,0.080240,0.089515,0.099484,0.110308,0.122115,0.135044,0.149196,0.164597,0.181142,0.198371,0.215464,0.231538,0.246488,0.261685,0.277057,0.292524,0.308002,0.323402,0.339573,0.356551,0.374379,0.393098,0.412753,0.433390,0.455060,0.477813,0.501703,0.526788,0.553128,0.580784,0.609824,0.640315,0.672330
2086,0.002049,0.000173,0.000103,0.000085,0.000069,0.000059,0.000052,0.000048,0.000046,0.000046,0.000048,0.000052,0.000064,0.000089,0.000137,0.000214,0.000307,0.000413,0.000524,0.000630,0.000724,0.000803,0.000867,0.000922,0.000977,0.001035,0.001092,0.001146,0.001192,0.001230,0.001259,0.001283,0.001310,0.001345,0.001385,0.001427,0.001468,0.001508,0.001544,0.001572,0.001591,0.001604,0.001623,0.001659,0.001718,0.001796,0.001889,0.002001,0.002144,0.002333,0.002572,0.002822,0.003086,0.003375,0.003693,0.004028,0.004375,0.004735,0.005110,0.005504,0.005923,0.006376,0.006875,0.007465,0.008228,0.009180,0.009967,0.010600,0.011201,0.011895,0.012766,0.013866,0.015215,0.016792,0.018536,0.020432,0.022504,0.024800,0.027355,0.030208,0.033394,0.037001,0.041240,0.046542,0.053489,0.062245,0.071020,0.079836,0.089065,0.098983,0.109752,0.121499,0.134362,0.148443,0.163765,0.180224,0.197365,0.214371,0.230364,0.245239,0.260360,0.275654,0.291043,0.306443,0.321766,0.337854,0.354747,0.372484,0.391108,0.410664,0.431197,0.452757,0.475394,0.499164,0.524122,0.550328,0.577845,0.606737,0.637074,0.668928
2087,0.002016,0.000170,0.000101,0.000083,0.000068,0.000058,0.000051,0.000048,0.000046,0.000046,0.000047,0.000051,0.000063,0.000088,0.000136,0.000212,0.000305,0.000410,0.000520,0.000626,0.000719,0.000797,0.000860,0.000915,0.000970,0.001027,0.001084,0.001138,0.001183,0.001221,0.001250,0.001273,0.001300,0.001334,0.001375,0.001416,0.001457,0.001496,0.001531,0.001559,0.001578,0.001590,0.001609,0.001645,0.001703,0.001780,0.001872,0.001983,0.002124,0.002313,0.002550,0.002799,0.003060,0.003346,0.003660,0.003993,0.004336,0.004692,0.005063,0.005453,0.005867,0.006315,0.006809,0.007395,0.008156,0.009108,0.009894,0.010524,0.011121,0.011810,0.012676,0.013768,0.015108,0.016675,0.018408,0.020293,0.022353,0.024635,0.027174,0.030010,0.033177,0.036761,0.040976,0.046253,0.053177,0.061913,0.070658,0.079436,0.088620,0.098487,0.109201,0.120889,0.133687,0.147697,0.162941,0.179316,0.196369,0.213289,0.229202,0.244002,0.259048,0.274265,0.289577,0.304900,0.320145,0.336153,0.352960,0.370608,0.389139,0.408596,0.429025,0.450477,0.473000,0.496650,0.521483,0.547557,0.574935,0.603682,0.633866,0.665559
2088,0.001983,0.000168,0.000100,0.000082,0.000068,0.000057,0.000051,0.000047,0.000045,0.000045,0.000046,0.000051,0.000062,0.000087,0.000135,0.000210,0.000303,0.000407,0.000517,0.000621,0.000714,0.000791,0.000854,0.000908,0.000963,0.001019,0.001076,0.001129,0.001175,0.001212,0.001240,0.001263,0.001290,0.001324,0.001364,0.001405,0.001445,0.001484,0.001519,0.001547,0.001565,0.001577,0.001595,0.001631,0.001688,0.001764,0.001856,0.001965,0.002105,0.002292,0.002529,0.002775,0.003034,0.003318,0.003629,0.003958,0.004298,0.004650,0.005016,0.005402,0.005812,0.006254,0.006743,0.007325,0.008084,0.009037,0.009822,0.010449,0.011042,0.011726,0.012586,0.013672,0.015003,0.016560,0.018283,0.020157,0.022204,0.024472,0.026996,0.029815,0.032962,0.036524,0.040715,0.045968,0.052869,0.061584,0.070300,0.079040,0.088179,0.097996,0.108655,0.120284,0.133019,0.146958,0.162125,0.178417,0.195383,0.212218,0.228051,0.242778,0.257749,0.272891,0.288126,0.303373,0.318541,0.334468,0.351192,0.368751,0.387189,0.406548,0.426876,0.448220,0.470631,0.494162,0.518870,0.544814,0.572054,0.600657,0.630690,0.662225
2089,0.001951,0.000166,0.000099,0.000081,0.000067,0.000056,0.000050,0.000046,0.000045,0.000044,0.000046,0.000050,0.000061,0.000086,0.000133,0.000209,0.000300,0.000404,0.000513,0.000616,0.000708,0.000785,0.000848,0.000902,0.000956,0.001012,0.001068,0.001121,0.001166,0.001203,0.001231,0.001254,0.001280,0.001314,0.001353,0.001394,0.001434,0.001472,0.001507,0.001534,0.001552,0.001564,0.001582,0.001617,0.001673,0.001749,0.001839,0.001947,0.002086,0.002272,0.002507,0.002752,0.003009,0.003289,0.003597,0.003923,0.004259,0.004608,0.004970,0.005352,0.005757,0.006194,0.006678,0.007256,0.008013,0.008967,0.009751,0.010375,0.010964,0.011644,0.012498,0.013576,0.014899,0.016447,0.018159,0.020021,0.022057,0.024311,0.026820,0.029622,0.032749,0.036290,0.040457,0.045686,0.052564,0.061258,0.069945,0.078647,0.087742,0.097509,0.108115,0.119686,0.132358,0.146227,0.161318,0.177527,0.194408,0.211158,0.226913,0.241567,0.256463,0.271530,0.286690,0.301860,0.316953,0.332801,0.349441,0.366913,0.385259,0.404522,0.424748,0.445985,0.468285,0.491699,0.516284,0.542098,0.569203,0.597663,0.627546,0.658924
2090,0.001920,0.000164,0.000097,0.000080,0.000066,0.000056,0.000049,0.000046,0.000044,0.000044,0.000045,0.000049,0.000060,0.000085,0.000132,0.000207,0.000298,0.000401,0.000509,0.000612,0.000703,0.000780,0.000842,0.000895,0.000949,0.001004,0.001060,0.001112,0.001157,0.001194,0.001222,0.001244,0.001270,0.001304,0.001343,0.001383,0.001423,0.001460,0.001495,0.001521,0.001539,0.001551,0.001568,0.001603,0.001659,0.001733,0.001822,0.001929,0.002067,0.002252,0.002486,0.002729,0.002984,0.003261,0.003566,0.003889,0.004222,0.004566,0.004925,0.005302,0.005702,0.006135,0.006614,0.007188,0.007943,0.008897,0.009680,0.010302,0.010887,0.011562,0.012410,0.013482,0.014796,0.016334,0.018036,0.019887,0.021911,0.024152,0.026646,0.029431,0.032539,0.036059,0.040203,0.045407,0.052262,0.060936,0.069594,0.078259,0.087309,0.097028,0.107581,0.119094,0.131703,0.145504,0.160518,0.176646,0.193442,0.210108,0.225785,0.240367,0.255190,0.270183,0.285268,0.300363,0.315382,0.331151,0.347708,0.365094,0.383348,0.402516,0.422641,0.443774,0.465962,0.489260,0.513723,0.539410,0.566380,0.594699,0.624434,0.655656
2091,0.001889,0.000162,0.000096,0.000079,0.000065,0.000055,0.000049,0.000045,0.000043,0.000043,0.000044,0.000049,0.000060,0.000084,0.000131,0.000205,0.000296,0.000398,0.000505,0.000608,0.000698,0.000774,0.000835,0.000889,0.000942,0.000997,0.001052,0.001104,0.001149,0.001185,0.001213,0.001235,0.001261,0.001294,0.001333,0.001373,0.001411,0.001449,0.001483,0.001509,0.001526,0.001538,0.001555,0.001589,0.001644,0.001718,0.001806,0.001912,0.002049,0.002232,0.002465,0.002706,0.002959,0.003234,0.003535,0.003855,0.004184,0.004525,0.004880,0.005253,0.005649,0.006076,0.006550,0.007121,0.007874,0.008828,0.009611,0.010230,0.010811,0.011481,0.012324,0.013388,0.014694,0.016223,0.017914,0.019755,0.021767,0.023995,0.026474,0.029242,0.032332,0.035830,0.039951,0.045131,0.051964,0.060617,0.069247,0.077874,0.086881,0.096551,0.107051,0.118507,0.131055,0.144787,0.159727,0.175774,0.192486,0.209069,0.224669,0.239180,0.253930,0.268849,0.283860,0.298881,0.313825,0.329517,0.345993,0.363292,0.381457,0.400530,0.420556,0.441584,0.463663,0.486846,0.511189,0.536748,0.563585,0.591765,0.621353,0.652421
2092,0.001859,0.000159,0.000095,0.000078,0.000064,0.000054,0.000048,0.000045,0.000043,0.000043,0.000044,0.000048,0.000059,0.000083,0.000129,0.000203,0.000293,0.000395,0.000502,0.000603,0.000693,0.000768,0.000829,0.000882,0.000935,0.000990,0.001045,0.001096,0.001140,0.001176,0.001203,0.001226,0.001251,0.001284,0.001322,0.001362,0.001400,0.001437,0.001471,0.001497,0.001514,0.001525,0.001542,0.001575,0.001630,0.001703,0.001790,0.001894,0.002030,0.002213,0.002444,0.002684,0.002934,0.003206,0.003505,0.003821,0.004147,0.004485,0.004836,0.005205,0.005596,0.006019,0.006488,0.007054,0.007806,0.008761,0.009542,0.010158,0.010736,0.011401,0.012238,0.013296,0.014594,0.016113,0.017794,0.019624,0.021624,0.023839,0.026304,0.029055,0.032127,0.035604,0.039702,0.044859,0.051670,0.060301,0.068902,0.077493,0.086456,0.096078,0.106527,0.117927,0.130413,0.144078,0.158944,0.174910,0.191539,0.208041,0.223565,0.238005,0.252683,0.267529,0.282467,0.297414,0.312285,0.327899,0.344294,0.361509,0.379584,0.398563,0.418492,0.439416,0.461387,0.484456,0.508679,0.534113,0.560819,0.588860,0.618303,0.649218
2093,0.001829,0.000157,0.000094,0.000077,0.000063,0.000054,0.000048,0.000044,0.000042,0.000042,0.000043,0.000047,0.000058,0.000082,0.000128,0.000202,0.000291,0.000392,0.000498,0.000599,0.000688,0.000763,0.000823,0.000876,0.000928,0.000982,0.001037,0.001088,0.001132,0.001167,0.001194,0.001216,0.001242,0.001274,0.001312,0.001351,0.001389,0.001426,0.001459,0.001485,0.001501,0.001512,0.001529,0.001562,0.001616,0.001688,0.001774,0.001877,0.002012,0.002193,0.002424,0.002662,0.002909,0.003179,0.003475,0.003788,0.004111,0.004445,0.004792,0.005157,0.005543,0.005961,0.006426,0.006988,0.007739,0.008693,0.009474,0.010087,0.010662,0.011322,0.012154,0.013204,0.014495,0.016005,0.017676,0.019495,0.021483,0.023685,0.026135,0.028871,0.031924,0.035381,0.039456,0.044590,0.051378,0.059988,0.068561,0.077115,0.086036,0.095611,0.106007,0.117352,0.129777,0.143376,0.158168,0.174055,0.190602,0.207023,0.222471,0.236841,0.251448,0.266222,0.281087,0.295962,0.310760,0.326298,0.342613,0.359743,0.377730,0.396617,0.416448,0.437270,0.459134,0.482090,0.506195,0.531505,0.558080,0.585984,0.615283,0.646047
2094,0.001799,0.000155,0.000093,0.000076,0.000063,0.000053,0.000047,0.000043,0.000042,0.000041,0.000043,0.000047,0.000057,0.000081,0.000127,0.000200,0.000289,0.000389,0.000494,0.000594,0.000683,0.000757,0.000817,0.000869,0.000921,0.000975,0.001029,0.001080,0.001123,0.001158,0.001186,0.001207,0.001232,0.001264,0.001302,0.001341,0.001378,0.001415,0.001447,0.001473,0.001489,0.001499,0.001516,0.001548,0.001602,0.001673,0.001758,0.001860,0.001994,0.002174,0.002403,0.002640,0.002885,0.003152,0.003445,0.003755,0.004075,0.004405,0.004749,0.005109,0.005492,0.005905,0.006364,0.006923,0.007672,0.008627,0.009406,0.010018,0.010588,0.011244,0.012070,0.013114,0.014396,0.015897,0.017559,0.019367,0.021344,0.023533,0.025969,0.028688,0.031723,0.035160,0.039213,0.044324,0.051090,0.059679,0.068223,0.076741,0.085620,0.095147,0.105493,0.116783,0.129148,0.142680,0.157400,0.173209,0.189674,0.206015,0.221388,0.235689,0.250225,0.264928,0.279721,0.294524,0.309250,0.324712,0.340948,0.357995,0.375895,0.394690,0.414424,0.435146,0.456903,0.479748,0.503735,0.528922,0.555368,0.583137,0.612294,0.642908
2095,0.001771,0.000153,0.000091,0.000075,0.000062,0.000052,0.000046,0.000043,0.000041,0.000041,0.000042,0.000046,0.000057,0.000080,0.000126,0.000199,0.000287,0.000386,0.000491,0.000590,0.000678,0.000752,0.000811,0.000863,0.000914,0.000968,0.001022,0.001072,0.001115,0.001150,0.001177,0.001198,0.001223,0.001254,0.001292,0.001330,0.001368,0.001403,0.001436,0.001461,0.001477,0.001487,0.001503,0.001535,0.001588,0.001658,0.001742,0.001844,0.001976,0.002155,0.002383,0.002618,0.002861,0.003126,0.003416,0.003722,0.004039,0.004366,0.004706,0.005062,0.005440,0.005849,0.006304,0.006859,0.007606,0.008561,0.009340,0.009948,0.010515,0.011167,0.011988,0.013025,0.014299,0.015791,0.017443,0.019241,0.021206,0.023383,0.025805,0.028508,0.031525,0.034942,0.038973,0.044060,0.050805,0.059373,0.067889,0.076371,0.085208,0.094689,0.104984,0.116219,0.128525,0.141992,0.156640,0.172372,0.188756,0.205018,0.220317,0.234549,0.249015,0.263647,0.278369,0.293100,0.307755,0.323143,0.339300,0.356265,0.374078,0.392782,0.412421,0.433042,0.454694,0.477429,0.501301,0.526366,0.552684,0.580318,0.609334,0.639801
2096,0.001742,0.000151,0.000090,0.000074,0.000061,0.000052,0.000046,0.000042,0.000041,0.000040,0.000042,0.000045,0.000056,0.000079,0.000125,0.000197,0.000285,0.000384,0.000487,0.000586,0.000673,0.000746,0.000805,0.000857,0.000908,0.000961,0.001014,0.001064,0.001107,0.001141,0.001168,0.001189,0.001213,0.001245,0.001282,0.001320,0.001357,0.001392,0.001424,0.001449,0.001464,0.001474,0.001490,0.001522,0.001574,0.001643,0.001727,0.001827,0.001958,0.002136,0.002363,0.002596,0.002838,0.003100,0.003387,0.003690,0.004003,0.004327,0.004663,0.005016,0.005390,0.005794,0.006244,0.006796,0.007541,0.008497,0.009274,0.009880,0.010443,0.011091,0.011906,0.012937,0.014203,0.015686,0.017328,0.019116,0.021070,0.023235,0.025642,0.028330,0.031330,0.034726,0.038736,0.043800,0.050523,0.059069,0.067557,0.076004,0.084799,0.094234,0.104480,0.115661,0.127908,0.141310,0.155888,0.171542,0.187847,0.204030,0.219255,0.233419,0.247817,0.262379,0.277030,0.291691,0.306275,0.321589,0.337668,0.354552,0.372279,0.390893,0.410438,0.430960,0.452508,0.475133,0.498890,0.523834,0.550026,0.577527,0.606404,0.636724
2097,0.001714,0.000149,0.000089,0.000073,0.000060,0.000051,0.000045,0.000042,0.000040,0.000040,0.000041,0.000045,0.000055,0.000078,0.000123,0.000195,0.000283,0.000381,0.000484,0.000581,0.000668,0.000741,0.000800,0.000850,0.000901,0.000954,0.001007,0.001056,0.001098,0.001133,0.001159,0.001180,0.001204,0.001235,0.001272,0.001310,0.001346,0.001381,0.001413,0.001437,0.001452,0.001462,0.001478,0.001509,0.001560,0.001629,0.001711,0.001811,0.001941,0.002118,0.002343,0.002575,0.002814,0.003074,0.003358,0.003658,0.003968,0.004289,0.004621,0.004970,0.005340,0.005739,0.006185,0.006733,0.007476,0.008433,0.009209,0.009813,0.010372,0.011016,0.011825,0.012850,0.014108,0.015582,0.017215,0.018993,0.020936,0.023088,0.025482,0.028154,0.031136,0.034513,0.038501,0.043543,0.050243,0.058769,0.067229,0.075640,0.084395,0.093784,0.103980,0.115108,0.127297,0.140635,0.155143,0.170721,0.186947,0.203052,0.218205,0.232302,0.246631,0.261123,0.275705,0.290295,0.304810,0.320050,0.336053,0.352856,0.370498,0.389023,0.408474,0.428898,0.450343,0.472860,0.496503,0.521328,0.547395,0.574765,0.603503,0.633678
2098,0.001687,0.000147,0.000088,0.000073,0.000059,0.000050,0.000045,0.000041,0.000040,0.000039,0.000040,0.000044,0.000054,0.000077,0.000122,0.000194,0.000280,0.000378,0.000480,0.000577,0.000663,0.000736,0.000794,0.000844,0.000894,0.000947,0.000999,0.001048,0.001090,0.001124,0.001150,0.001171,0.001195,0.001226,0.001262,0.001300,0.001336,0.001370,0.001402,0.001426,0.001440,0.001450,0.001465,0.001496,0.001547,0.001615,0.001696,0.001794,0.001923,0.002099,0.002324,0.002554,0.002791,0.003048,0.003329,0.003627,0.003934,0.004251,0.004580,0.004925,0.005290,0.005685,0.006127,0.006671,0.007413,0.008369,0.009144,0.009746,0.010302,0.010941,0.011745,0.012763,0.014014,0.015480,0.017103,0.018871,0.020803,0.022942,0.025323,0.027980,0.030945,0.034303,0.038269,0.043289,0.049967,0.058472,0.066904,0.075280,0.083994,0.093338,0.103485,0.114560,0.126692,0.139967,0.154405,0.169908,0.186056,0.202084,0.217165,0.231195,0.245456,0.259880,0.274392,0.288914,0.303359,0.318527,0.334454,0.351176,0.368735,0.387172,0.406530,0.426857,0.448200,0.470610,0.494140,0.518847,0.544790,0.572029,0.600630,0.630662
2099,0.001660,0.000145,0.000087,0.000072,0.000059,0.000050,0.000044,0.000041,0.000039,0.000039,0.000040,0.000044,0.000054,0.000077,0.000121,0.000192,0.000278,0.000375,0.000477,0.000573,0.000658,0.000730,0.000788,0.000838,0.000888,0.000940,0.000992,0.001041,0.001082,0.001116,0.001142,0.001162,0.001186,0.001217,0.001253,0.001290,0.001325,0.001360,0.001391,0.001414,0.001429,0.001438,0.001453,0.001483,0.001533,0.001600,0.001681,0.001778,0.001906,0.002081,0.002305,0.002533,0.002768,0.003023,0.003301,0.003596,0.003900,0.004213,0.004539,0.004880,0.005241,0.005632,0.006069,0.006610,0.007350,0.008307,0.009081,0.009680,0.010233,0.010867,0.011666,0.012678,0.013921,0.015378,0.016992,0.018750,0.020671,0.022799,0.025166,0.027807,0.030755,0.034094,0.038040,0.043037,0.049694,0.058177,0.066582,0.074924,0.083597,0.092897,0.102995,0.114018,0.126092,0.139305,0.153674,0.169103,0.185173,0.201125,0.216135,0.230099,0.244293,0.258649,0.273093,0.287546,0.301923,0.317019,0.332870,0.349513,0.366989,0.385339,0.404606,0.424836,0.446078,0.468381,0.491801,0.516391,0.542210,0.569321,0.597787,0.627676
2100,0.001633,0.000144,0.000086,0.000071,0.000058,0.000049,0.000043,0.000040,0.000039,0.000038,0.000039,0.000043,0.000053,0.000076,0.000120,0.000191,0.000276,0.000372,0.000473,0.000569,0.000654,0.000725,0.000782,0.000832,0.000881,0.000933,0.000985,0.001033,0.001074,0.001108,0.001133,0.001154,0.001177,0.001207,0.001243,0.001280,0.001315,0.001349,0.001379,0.001403,0.001417,0.001426,0.001441,0.001471,0.001520,0.001586,0.001666,0.001762,0.001889,0.002063,0.002285,0.002512,0.002745,0.002997,0.003273,0.003565,0.003866,0.004176,0.004499,0.004836,0.005193,0.005579,0.006012,0.006549,0.007288,0.008245,0.009018,0.009614,0.010164,0.010794,0.011588,0.012594,0.013830,0.015278,0.016882,0.018630,0.020541,0.022657,0.025010,0.027637,0.030568,0.033888,0.037813,0.042789,0.049424,0.057886,0.066263,0.074570,0.083204,0.092459,0.102510,0.113481,0.125499,0.138650,0.152951,0.168306,0.184300,0.200176,0.215115,0.229014,0.243142,0.257431,0.271807,0.286191,0.300501,0.315526,0.331302,0.347867,0.365261,0.383524,0.402700,0.422835,0.443977,0.466175,0.489484,0.513958,0.539656,0.566639,0.594971,0.624720
